"Annot","Term","Annotated","Significant","RichFactor","FoldEnrichment","zscore","Pvalue","Padj","GeneID","Description"
"GO:0019882","antigen processing and presentation",142,7,0.0492957746478873,9.3263256006628,7.25255808959641,1.08411785841633e-05,0.00198157510568477,"Cd68,Rab32,Rab3c,Tapbp,Thbs1,Ighm,Raet1d","antigen processing and presentation"
"GO:0002429","immune response-activating cell surface receptor signaling pathway",314,9,0.0286624203821656,5.42267703259648,5.74788769412145,4.62074038432175e-05,0.00437747199350011,"Gata3,Ada,Gusb,Itgam,Ltf,Cd226,C5ar1,C5ar2,Ighm","immune response-activating cell surface receptor signaling pathway"
"GO:0071621","granulocyte chemotaxis",129,6,0.0465116279069767,8.79958960328317,6.47366120167356,6.51961684261494e-05,0.00550078475096161,"Ccl8,Itgam,Thbs1,C5ar1,Scg2,C5ar2","granulocyte chemotaxis"
"GO:0002768","immune response-regulating cell surface receptor signaling pathway",332,9,0.0271084337349398,5.12867647058824,5.51940114724992,7.09078403619e-05,0.0055705891172117,"Gata3,Ada,Gusb,Itgam,Ltf,Cd226,C5ar1,C5ar2,Ighm","immune response-regulating cell surface receptor signaling pathway"
"GO:0002605","negative regulation of dendritic cell antigen processing and presentation",3,2,0.666666666666667,126.127450980392,15.7990319167019,8.29126216261375e-05,0.00614903010978005,"Cd68,Thbs1","negative regulation of dendritic cell antigen processing and presentation"
"GO:0050803","regulation of synapse structure or activity",424,10,0.0235849056603774,4.46205604883463,5.23982877960819,8.92253231732849e-05,0.00638655035424779,"Elavl2,Nefl,Dclk1,Dmpk,Slc17a6,Cc2d1a,Gpr158,Slitrk4,Nrg2,Slc17a7","regulation of synapse structure or activity"
"GO:0002430","complement receptor mediated signaling pathway",19,3,0.157894736842105,29.8722910216718,9.17720404257528,0.000131548185776428,0.00862758317162201,"Itgam,C5ar1,C5ar2","complement receptor mediated signaling pathway"
"GO:0038178","complement component C5a signaling pathway",4,2,0.5,94.5955882352941,13.6461790713871,0.00016524969517772,0.0100504394947006,"C5ar1,C5ar2","complement component C5a signaling pathway"
"GO:0006935","chemotaxis",479,10,0.0208768267223382,3.94971140857178,4.75028666280446,0.000239524270833151,0.014287179191733,"Ccl8,Ccl9,Dock2,Ptgr1,Itgam,Apoa1,Thbs1,C5ar1,Scg2,C5ar2","chemotaxis"
"GO:0042330","taxis",481,10,0.0207900207900208,3.93328849211202,4.73387788076143,0.000247603657027269,0.0144353160640884,"Ccl8,Ccl9,Dock2,Ptgr1,Itgam,Apoa1,Thbs1,C5ar1,Scg2,C5ar2","taxis"
"GO:1905039","carboxylic acid transmembrane transport",165,6,0.0363636363636364,6.87967914438503,5.52312059036012,0.000250971033712807,0.0144353160640884,"Slc17a6,Mfsd12,Thbs1,Per2,Slc38a10,Slc17a7","carboxylic acid transmembrane transport"
"GO:0097530","granulocyte migration",166,6,0.036144578313253,6.83823529411765,5.50089124064725,0.000259266005192885,0.0146508035566015,"Ccl8,Itgam,Thbs1,C5ar1,Scg2,C5ar2","granulocyte migration"
"GO:1903825","organic acid transmembrane transport",169,6,0.0355029585798817,6.71684650191438,5.43529084702555,0.000285451259954209,0.0155837035307205,"Slc17a6,Mfsd12,Thbs1,Per2,Slc38a10,Slc17a7","organic acid transmembrane transport"
"GO:0050900","leukocyte migration",414,9,0.0217391304347826,4.11285166240409,4.65449831630352,0.000367546748895982,0.0182963561608364,"Ccl8,Gata3,Ada,Add2,Itgam,Thbs1,C5ar1,Scg2,C5ar2","leukocyte migration"
"GO:0003333","amino acid transmembrane transport",115,5,0.0434782608695652,8.22570332480818,5.66100698995733,0.000369221716999182,0.0182963561608364,"Slc17a6,Mfsd12,Per2,Slc38a10,Slc17a7","amino acid transmembrane transport"
"GO:0006836","neurotransmitter transport",252,7,0.0277777777777778,5.25531045751634,4.94835306874122,0.000397346340047402,0.0193917054741315,"Snap25,Slc17a6,Gpr158,Sv2c,Ggcx,Per2,Slc17a7","neurotransmitter transport"
"GO:0033003","regulation of mast cell activation",28,3,0.107142857142857,20.2704831932773,7.43703773917427,0.000429527515104326,0.0201724457411881,"Cd226,Cd84,Cd300lb","regulation of mast cell activation"
"GO:0002578","negative regulation of antigen processing and presentation",7,2,0.285714285714286,54.0546218487395,10.2334779802947,0.000572377401991144,0.0242582580501773,"Cd68,Thbs1","negative regulation of antigen processing and presentation"
"GO:0060374","mast cell differentiation",7,2,0.285714285714286,54.0546218487395,10.2334779802947,0.000572377401991144,0.0242582580501773,"Gata3,Itgam","mast cell differentiation"
"GO:0070345","negative regulation of fat cell proliferation",7,2,0.285714285714286,54.0546218487395,10.2334779802947,0.000572377401991144,0.0242582580501773,"E2f1,Per2","negative regulation of fat cell proliferation"
"GO:1901568","fatty acid derivative metabolic process",72,4,0.0555555555555556,10.5106209150327,5.89081717153039,0.00058158075908168,0.0243046935157802,"Ptgr1,Dgat2,Elovl3,Dpep2","fatty acid derivative metabolic process"
"GO:0032102","negative regulation of response to external stimulus",442,9,0.0203619909502262,3.85230902315677,4.40922533254682,0.000588564450242428,0.0243046935157802,"Gata3,Ada,Ptgr1,Apoa1,Ltf,Thbs1,Isl1,Mmp12,C5ar2","negative regulation of response to external stimulus"
"GO:0006865","amino acid transport",195,6,0.0307692307692308,5.82126696832579,4.92631728710024,0.000609824561170903,0.024863859639639,"Pianp,Slc17a6,Mfsd12,Per2,Slc38a10,Slc17a7","amino acid transport"
"GO:0099188","postsynaptic cytoskeleton organization",33,3,0.0909090909090909,17.1991978609626,6.78767582577698,0.000701679300613067,0.0279025805836381,"Nefl,Cpne6,Sh3gl2","postsynaptic cytoskeleton organization"
"GO:0032640","tumor necrosis factor production",202,6,0.0297029702970297,5.61953989516599,4.80482789376362,0.000733253302691295,0.0281167724758174,"Cd2,Ltf,Cd84,Thbs1,Isl1,C5ar2","tumor necrosis factor production"
"GO:0032680","regulation of tumor necrosis factor production",202,6,0.0297029702970297,5.61953989516599,4.80482789376362,0.000733253302691295,0.0281167724758174,"Cd2,Ltf,Cd84,Thbs1,Isl1,C5ar2","regulation of tumor necrosis factor production"
"GO:1902475","L-alpha-amino acid transmembrane transport",77,4,0.051948051948052,9.82811306340718,5.65530449705521,0.00074959863741627,0.0284053789543271,"Slc17a6,Per2,Slc38a10,Slc17a7","L-alpha-amino acid transmembrane transport"
"GO:0015813","L-glutamate transmembrane transport",34,3,0.0882352941176471,16.693339100346,6.67473273444352,0.000766620670652204,0.0287126183740785,"Slc17a6,Per2,Slc17a7","L-glutamate transmembrane transport"
"GO:0071706","tumor necrosis factor superfamily cytokine production",205,6,0.0292682926829268,5.53730272596844,4.75448669165579,0.000791711651379543,0.0289784457851535,"Cd2,Ltf,Cd84,Thbs1,Isl1,C5ar2","tumor necrosis factor superfamily cytokine production"
"GO:1903555","regulation of tumor necrosis factor superfamily cytokine production",205,6,0.0292682926829268,5.53730272596844,4.75448669165579,0.000791711651379543,0.0289784457851535,"Cd2,Ltf,Cd84,Thbs1,Isl1,C5ar2","regulation of tumor necrosis factor superfamily cytokine production"
"GO:0002274","myeloid leukocyte activation",292,7,0.023972602739726,4.53540491539081,4.42895156118523,0.000947522633935563,0.0328168860635102,"Dock2,Itgam,Cd226,Cd84,Thbs1,C5ar1,Cd300lb","myeloid leukocyte activation"
"GO:0002314","germinal center B cell differentiation",9,2,0.222222222222222,42.0424836601307,8.9768256198559,0.000974431426560475,0.0330145787240161,"Ada,Pou2af1","germinal center B cell differentiation"
"GO:0006516","glycoprotein catabolic process",37,3,0.0810810810810811,15.3398251192369,6.36281261429803,0.000983979993016312,0.0330145787240161,"Gusb,Glb1,Mmp12","glycoprotein catabolic process"
"GO:0015800","acidic amino acid transport",86,4,0.0465116279069767,8.79958960328317,5.28128881393955,0.00113399320142717,0.0354620592407467,"Pianp,Slc17a6,Per2,Slc17a7","acidic amino acid transport"
"GO:0002604","regulation of dendritic cell antigen processing and presentation",10,2,0.2,37.8382352941176,8.49327449332719,0.00121382204484576,0.0368841585513981,"Cd68,Thbs1","regulation of dendritic cell antigen processing and presentation"
"GO:0098700","neurotransmitter loading into synaptic vesicle",11,2,0.181818181818182,34.3983957219251,8.07619384560434,0.0014784258274381,0.0429009872989019,"Slc17a6,Slc17a7","neurotransmitter loading into synaptic vesicle"
"GO:0001906","cell killing",319,7,0.0219435736677116,4.15153051816338,4.12874257150377,0.00157494011587119,0.0448927620639035,"Ccl8,Cd2,Itgam,Ltf,Cd226,Lyz1,Raet1d","cell killing"
"GO:0050807","regulation of synapse organization",415,8,0.0192771084337349,3.64705882352941,3.96287615017876,0.00167630894511443,0.0463846367472848,"Elavl2,Nefl,Dclk1,Dmpk,Cc2d1a,Gpr158,Slitrk4,Nrg2","regulation of synapse organization"
"GO:0030595","leukocyte chemotaxis",238,6,0.0252100840336134,4.76952545724172,4.25877826674905,0.00170084315669277,0.0463846367472848,"Ccl8,Itgam,Thbs1,C5ar1,Scg2,C5ar2","leukocyte chemotaxis"
"GO:0001504","neurotransmitter uptake",45,3,0.0666666666666667,12.6127450980392,5.68346500205223,0.00174248402558878,0.0463846367472848,"Slc17a6,Per2,Slc17a7","neurotransmitter uptake"
"GO:0051938","L-glutamate import",45,3,0.0666666666666667,12.6127450980392,5.68346500205223,0.00174248402558878,0.0463846367472848,"Slc17a6,Per2,Slc17a7","L-glutamate import"
"GO:0070328","triglyceride homeostasis",45,3,0.0666666666666667,12.6127450980392,5.68346500205223,0.00174248402558878,0.0463846367472848,"Dgat2,Apoa1,Apoc4","triglyceride homeostasis"
"GO:0050922","negative regulation of chemotaxis",46,3,0.0652173913043478,12.3385549872123,5.61070093935678,0.00185689626080654,0.0486172577393726,"Ptgr1,Thbs1,C5ar2","negative regulation of chemotaxis"
"GO:0055090","acylglycerol homeostasis",46,3,0.0652173913043478,12.3385549872123,5.61070093935678,0.00185689626080654,0.0486172577393726,"Dgat2,Apoa1,Apoc4","acylglycerol homeostasis"
"GO:0015807","L-amino acid transport",100,4,0.04,7.56764705882353,4.7967526902551,0.00197827398621787,0.0497465985348928,"Slc17a6,Per2,Slc38a10,Slc17a7","L-amino acid transport"
"GO:0001818","negative regulation of cytokine production",333,7,0.021021021021021,3.97699169757993,3.98584453722486,0.0020077795124297,0.0497465985348928,"Gata3,Apoa1,Ltf,Cd84,Thbs1,C5ar2,Gbp4","negative regulation of cytokine production"
"GO:0060326","cell chemotaxis",333,7,0.021021021021021,3.97699169757993,3.98584453722486,0.0020077795124297,0.0497465985348928,"Ccl8,Ccl9,Itgam,Thbs1,C5ar1,Scg2,C5ar2","cell chemotaxis"
"GO:0033005","positive regulation of mast cell activation",13,2,0.153846153846154,29.106334841629,7.3888621537257,0.00208219788847139,0.0500504432743757,"Cd226,Cd300lb","positive regulation of mast cell activation"
"GO:0044341","sodium-dependent phosphate transport",13,2,0.153846153846154,29.106334841629,7.3888621537257,0.00208219788847139,0.0500504432743757,"Slc17a6,Slc17a7","sodium-dependent phosphate transport"
"GO:0070344","regulation of fat cell proliferation",13,2,0.153846153846154,29.106334841629,7.3888621537257,0.00208219788847139,0.0500504432743757,"E2f1,Per2","regulation of fat cell proliferation"
"GO:0097529","myeloid leukocyte migration",252,6,0.0238095238095238,4.50455182072829,4.07532186659424,0.00226559775877697,0.0527826181840984,"Ccl8,Itgam,Thbs1,C5ar1,Scg2,C5ar2","myeloid leukocyte migration"
"GO:0050830","defense response to Gram-positive bacterium",178,5,0.0280898876404494,5.31435888962327,4.21042218791647,0.00259901179399773,0.0582953569293917,"Tnfsf8,Ltf,C5ar1,Lyz1,Gbp4","defense response to Gram-positive bacterium"
"GO:0000097","sulfur amino acid biosynthetic process",15,2,0.133333333333333,25.2254901960784,6.84127051855046,0.00278361858636237,0.059974610125426,"Cth,Bhmt","sulfur amino acid biosynthetic process"
"GO:0042754","negative regulation of circadian rhythm",15,2,0.133333333333333,25.2254901960784,6.84127051855046,0.00278361858636237,0.059974610125426,"Ada,Per2","negative regulation of circadian rhythm"
"GO:0035725","sodium ion transmembrane transport",181,5,0.0276243093922652,5.22627559311017,4.15931653790638,0.00279298091239177,0.059974610125426,"Slc4a7,Slc9a4,Slc17a6,Scn10a,Slc17a7","sodium ion transmembrane transport"
"GO:0006814","sodium ion transport",266,6,0.0225563909774436,4.26747014595312,3.90481945646011,0.0029615059474613,0.0627566490577161,"Slc4a7,Slc9a4,Dmpk,Slc17a6,Scn10a,Slc17a7","sodium ion transport"
"GO:0032604","granulocyte macrophage colony-stimulating factor production",16,2,0.125,23.6488970588235,6.60593132212473,0.00317029095353497,0.0654583792393342,"Cd84,Isl1","granulocyte macrophage colony-stimulating factor production"
"GO:0032645","regulation of granulocyte macrophage colony-stimulating factor production",16,2,0.125,23.6488970588235,6.60593132212473,0.00317029095353497,0.0654583792393342,"Cd84,Isl1","regulation of granulocyte macrophage colony-stimulating factor production"
"GO:0045766","positive regulation of angiogenesis",188,5,0.0265957446808511,5.0316802252816,4.04435600780512,0.00328606473425826,0.0669899652471257,"Itgax,Thbs1,Isl1,C5ar1,Adam12","positive regulation of angiogenesis"
"GO:1904018","positive regulation of vasculature development",191,5,0.0261780104712042,4.9526485987065,3.99682166225143,0.0035154764044058,0.0703313633452863,"Itgax,Thbs1,Isl1,C5ar1,Adam12","positive regulation of vasculature development"
"GO:0019730","antimicrobial humoral response",193,5,0.0259067357512953,4.90132581530021,3.9656808727042,0.00367467424468976,0.0710980996726819,"Ccl8,Ccl9,Ltf,Ighm,Igha","antimicrobial humoral response"
"GO:1901136","carbohydrate derivative catabolic process",278,6,0.0215827338129496,4.08326280152349,3.76776501196994,0.00367583236335959,0.0710980996726819,"Ada,Pfkl,Hmmr,Gusb,Glb1,Mmp12","carbohydrate derivative catabolic process"
"GO:0034113","heterotypic cell-cell adhesion",60,3,0.05,9.45955882352941,4.78213938510006,0.0039668979984309,0.0727568670048325,"Cd2,Itgax,Apoa1","heterotypic cell-cell adhesion"
"GO:2000351","regulation of endothelial cell apoptotic process",60,3,0.05,9.45955882352941,4.78213938510006,0.0039668979984309,0.0727568670048325,"Gata3,Thbs1,Scg2","regulation of endothelial cell apoptotic process"
"GO:0002468","dendritic cell antigen processing and presentation",18,2,0.111111111111111,21.0212418300654,6.19399940169726,0.00401426525676509,0.0727568670048325,"Cd68,Thbs1","dendritic cell antigen processing and presentation"
"GO:0035336","long-chain fatty-acyl-CoA metabolic process",18,2,0.111111111111111,21.0212418300654,6.19399940169726,0.00401426525676509,0.0727568670048325,"Dgat2,Elovl3","long-chain fatty-acyl-CoA metabolic process"
"GO:0070341","fat cell proliferation",18,2,0.111111111111111,21.0212418300654,6.19399940169726,0.00401426525676509,0.0727568670048325,"E2f1,Per2","fat cell proliferation"
"GO:0006835","dicarboxylic acid transport",122,4,0.0327868852459016,6.2029893924783,4.19910611836189,0.00405370338701326,0.0727568670048325,"Pianp,Slc17a6,Per2,Slc17a7","dicarboxylic acid transport"
"GO:0032760","positive regulation of tumor necrosis factor production",122,4,0.0327868852459016,6.2029893924783,4.19910611836189,0.00405370338701326,0.0727568670048325,"Cd2,Cd84,Thbs1,Isl1","positive regulation of tumor necrosis factor production"
"GO:0071622","regulation of granulocyte chemotaxis",61,3,0.0491803278688525,9.30448408871745,4.73352771978345,0.00415612360567979,0.0727568670048325,"Thbs1,C5ar1,C5ar2","regulation of granulocyte chemotaxis"
"GO:1903522","regulation of blood circulation",286,6,0.020979020979021,3.96904566022213,3.68060341322732,0.00421846882945442,0.0727568670048325,"Ada,Dmpk,Scn10a,Dusp5,Isl1,Per2","regulation of blood circulation"
"GO:1903557","positive regulation of tumor necrosis factor superfamily cytokine production",124,4,0.032258064516129,6.10294117647059,4.15214354238242,0.00429478593518707,0.0727568670048325,"Cd2,Cd84,Thbs1,Isl1","positive regulation of tumor necrosis factor superfamily cytokine production"
"GO:0031589","cell-substrate adhesion",383,7,0.0182767624020888,3.45780218092459,3.53260317304425,0.00434237881268231,0.0727568670048325,"Pdpn,Itgam,Itgax,Apoa1,Thbs1,Rhod,Mmp12","cell-substrate adhesion"
"GO:0042116","macrophage activation",125,4,0.032,6.05411764705882,4.12904663758157,0.00441887870546807,0.0727568670048325,"Itgam,Cd84,Thbs1,C5ar1","macrophage activation"
"GO:0003215","cardiac right ventricle morphogenesis",19,2,0.105263157894737,19.9148606811146,6.01218433885893,0.00447105550041082,0.0727568670048325,"Gata3,Isl1","cardiac right ventricle morphogenesis"
"GO:0010715","regulation of extracellular matrix disassembly",19,2,0.105263157894737,19.9148606811146,6.01218433885893,0.00447105550041082,0.0727568670048325,"Fap,Pdpn","regulation of extracellular matrix disassembly"
"GO:0030214","hyaluronan catabolic process",19,2,0.105263157894737,19.9148606811146,6.01218433885893,0.00447105550041082,0.0727568670048325,"Hmmr,Gusb","hyaluronan catabolic process"
"GO:0032609","type II interferon production",127,4,0.031496062992126,5.95877721167207,4.08359679178117,0.00467427333145505,0.0727568670048325,"Gata3,Cd2,Cd226,Isl1","type II interferon production"
"GO:0032649","regulation of type II interferon production",127,4,0.031496062992126,5.95877721167207,4.08359679178117,0.00467427333145505,0.0727568670048325,"Gata3,Cd2,Cd226,Isl1","regulation of type II interferon production"
"GO:0015711","organic anion transport",494,8,0.0161943319838057,3.06382472017147,3.37627528786996,0.00483789217664376,0.0727568670048325,"Slc4a7,Pianp,Slc17a6,Mfsd12,Thbs1,Per2,Slc38a10,Slc17a7","organic anion transport"
"GO:0046942","carboxylic acid transport",391,7,0.0179028132992327,3.38705431021513,3.46711117650631,0.00485368784587919,0.0727568670048325,"Pianp,Slc17a6,Mfsd12,Thbs1,Per2,Slc38a10,Slc17a7","carboxylic acid transport"
"GO:0071805","potassium ion transmembrane transport",207,5,0.0241545893719807,4.56983518044899,3.75906038765918,0.00493721238585179,0.0727568670048325,"Slc9a4,Snap25,Slc17a6,Dpp6,Slc17a7","potassium ion transmembrane transport"
"GO:0030167","proteoglycan catabolic process",20,2,0.1,18.9191176470588,5.84376045472268,0.00495071003040621,0.0727568670048325,"Gusb,Glb1","proteoglycan catabolic process"
"GO:0040037","negative regulation of fibroblast growth factor receptor signaling pathway",20,2,0.1,18.9191176470588,5.84376045472268,0.00495071003040621,0.0727568670048325,"Gata3,Thbs1","negative regulation of fibroblast growth factor receptor signaling pathway"
"GO:0050862","positive regulation of T cell receptor signaling pathway",20,2,0.1,18.9191176470588,5.84376045472268,0.00495071003040621,0.0727568670048325,"Ada,Cd226","positive regulation of T cell receptor signaling pathway"
"GO:0015849","organic acid transport",393,7,0.0178117048346056,3.3698173926059,3.45100339764901,0.00498832841936199,0.0727568670048325,"Pianp,Slc17a6,Mfsd12,Thbs1,Per2,Slc38a10,Slc17a7","organic acid transport"
"GO:0072577","endothelial cell apoptotic process",66,3,0.0454545454545455,8.59959893048128,4.50621897810926,0.00518413984936655,0.0727568670048325,"Gata3,Thbs1,Scg2","endothelial cell apoptotic process"
"GO:0002398","MHC class Ib protein complex assembly",1,1,1,189.191176470588,13.718278917947,0.00528565876408904,0.0727568670048325,"Tapbp","MHC class Ib protein complex assembly"
"GO:0014853","regulation of excitatory postsynaptic membrane potential involved in skeletal muscle contraction",1,1,1,189.191176470588,13.718278917947,0.00528565876408904,0.0727568670048325,"Dmpk","regulation of excitatory postsynaptic membrane potential involved in skeletal muscle contraction"
"GO:0015673","silver ion transport",1,1,1,189.191176470588,13.718278917947,0.00528565876408904,0.0727568670048325,"Slc31a1","silver ion transport"
"GO:0018272","protein-pyridoxal-5-phosphate linkage via peptidyl-N6-pyridoxal phosphate-L-lysine",1,1,1,189.191176470588,13.718278917947,0.00528565876408904,0.0727568670048325,"Cth","protein-pyridoxal-5-phosphate linkage via peptidyl-N6-pyridoxal phosphate-L-lysine"
"GO:0018352","protein-pyridoxal-5-phosphate linkage",1,1,1,189.191176470588,13.718278917947,0.00528565876408904,0.0727568670048325,"Cth","protein-pyridoxal-5-phosphate linkage"
"GO:0032685","negative regulation of granulocyte macrophage colony-stimulating factor production",1,1,1,189.191176470588,13.718278917947,0.00528565876408904,0.0727568670048325,"Cd84","negative regulation of granulocyte macrophage colony-stimulating factor production"
"GO:0044524","protein sulfhydration",1,1,1,189.191176470588,13.718278917947,0.00528565876408904,0.0727568670048325,"Cth","protein sulfhydration"
"GO:0046111","xanthine biosynthetic process",1,1,1,189.191176470588,13.718278917947,0.00528565876408904,0.0727568670048325,"Ada","xanthine biosynthetic process"
"GO:0050822","peptide stabilization",1,1,1,189.191176470588,13.718278917947,0.00528565876408904,0.0727568670048325,"Tapbp","peptide stabilization"
"GO:0050823","peptide antigen stabilization",1,1,1,189.191176470588,13.718278917947,0.00528565876408904,0.0727568670048325,"Tapbp","peptide antigen stabilization"
"GO:0051413","response to cortisone",1,1,1,189.191176470588,13.718278917947,0.00528565876408904,0.0727568670048325,"Glb1","response to cortisone"
"GO:0060169","negative regulation of adenosine receptor signaling pathway",1,1,1,189.191176470588,13.718278917947,0.00528565876408904,0.0727568670048325,"Ada","negative regulation of adenosine receptor signaling pathway"
"GO:0060407","negative regulation of penile erection",1,1,1,189.191176470588,13.718278917947,0.00528565876408904,0.0727568670048325,"Ada","negative regulation of penile erection"
"GO:0120275","cerebral blood circulation",1,1,1,189.191176470588,13.718278917947,0.00528565876408904,0.0727568670048325,"Dusp5","cerebral blood circulation"
"GO:0120276","regulation of cerebral blood circulation",1,1,1,189.191176470588,13.718278917947,0.00528565876408904,0.0727568670048325,"Dusp5","regulation of cerebral blood circulation"
"GO:0120277","positive regulation of cerebral blood circulation",1,1,1,189.191176470588,13.718278917947,0.00528565876408904,0.0727568670048325,"Dusp5","positive regulation of cerebral blood circulation"
"GO:0150021","apical dendrite morphogenesis",1,1,1,189.191176470588,13.718278917947,0.00528565876408904,0.0727568670048325,"Cc2d1a","apical dendrite morphogenesis"
"GO:0150022","apical dendrite development",1,1,1,189.191176470588,13.718278917947,0.00528565876408904,0.0727568670048325,"Cc2d1a","apical dendrite development"
"GO:0150023","apical dendrite arborization",1,1,1,189.191176470588,13.718278917947,0.00528565876408904,0.0727568670048325,"Cc2d1a","apical dendrite arborization"
"GO:1902601","silver ion transmembrane transport",1,1,1,189.191176470588,13.718278917947,0.00528565876408904,0.0727568670048325,"Slc31a1","silver ion transmembrane transport"
"GO:1904905","negative regulation of endothelial cell-matrix adhesion via fibronectin",1,1,1,189.191176470588,13.718278917947,0.00528565876408904,0.0727568670048325,"Mmp12","negative regulation of endothelial cell-matrix adhesion via fibronectin"
"GO:1905381","negative regulation of snRNA transcription by RNA polymerase II",1,1,1,189.191176470588,13.718278917947,0.00528565876408904,0.0727568670048325,"Cc2d1a","negative regulation of snRNA transcription by RNA polymerase II"
"GO:2000308","negative regulation of tumor necrosis factor (ligand) superfamily member 11 production",1,1,1,189.191176470588,13.718278917947,0.00528565876408904,0.0727568670048325,"Ltf","negative regulation of tumor necrosis factor (ligand) superfamily member 11 production"
"GO:2000606","regulation of cell proliferation involved in mesonephros development",1,1,1,189.191176470588,13.718278917947,0.00528565876408904,0.0727568670048325,"Gata3","regulation of cell proliferation involved in mesonephros development"
"GO:2000607","negative regulation of cell proliferation involved in mesonephros development",1,1,1,189.191176470588,13.718278917947,0.00528565876408904,0.0727568670048325,"Gata3","negative regulation of cell proliferation involved in mesonephros development"
"GO:2000683","regulation of cellular response to X-ray",1,1,1,189.191176470588,13.718278917947,0.00528565876408904,0.0727568670048325,"Gata3","regulation of cellular response to X-ray"
"GO:2000699","fibroblast growth factor receptor signaling pathway involved in ureteric bud formation",1,1,1,189.191176470588,13.718278917947,0.00528565876408904,0.0727568670048325,"Gata3","fibroblast growth factor receptor signaling pathway involved in ureteric bud formation"
"GO:2000701","glial cell-derived neurotrophic factor receptor signaling pathway involved in ureteric bud formation",1,1,1,189.191176470588,13.718278917947,0.00528565876408904,0.0727568670048325,"Gata3","glial cell-derived neurotrophic factor receptor signaling pathway involved in ureteric bud formation"
"GO:2000702","regulation of fibroblast growth factor receptor signaling pathway involved in ureteric bud formation",1,1,1,189.191176470588,13.718278917947,0.00528565876408904,0.0727568670048325,"Gata3","regulation of fibroblast growth factor receptor signaling pathway involved in ureteric bud formation"
"GO:2000703","negative regulation of fibroblast growth factor receptor signaling pathway involved in ureteric bud formation",1,1,1,189.191176470588,13.718278917947,0.00528565876408904,0.0727568670048325,"Gata3","negative regulation of fibroblast growth factor receptor signaling pathway involved in ureteric bud formation"
"GO:2000733","regulation of glial cell-derived neurotrophic factor receptor signaling pathway involved in ureteric bud formation",1,1,1,189.191176470588,13.718278917947,0.00528565876408904,0.0727568670048325,"Gata3","regulation of glial cell-derived neurotrophic factor receptor signaling pathway involved in ureteric bud formation"
"GO:2000734","negative regulation of glial cell-derived neurotrophic factor receptor signaling pathway involved in ureteric bud formation",1,1,1,189.191176470588,13.718278917947,0.00528565876408904,0.0727568670048325,"Gata3","negative regulation of glial cell-derived neurotrophic factor receptor signaling pathway involved in ureteric bud formation"
"GO:0032693","negative regulation of interleukin-10 production",21,2,0.0952380952380952,18.0182072829132,5.68712389037298,0.005452978009655,0.0747406049748884,"Cd84,Thbs1","negative regulation of interleukin-10 production"
"GO:0006790","sulfur compound metabolic process",302,6,0.0198675496688742,3.75876509544215,3.51539327447772,0.00547858288853699,0.0747733706948206,"Cth,Dgat2,Elovl3,Dpep2,Glyat,Bhmt","sulfur compound metabolic process"
"GO:0006959","humoral immune response",307,6,0.0195439739413681,3.69754742287795,3.46606499441295,0.00592359393735515,0.0792991415770078,"Ccl8,Gata3,Ccl9,Ltf,Ighm,Igha","humoral immune response"
"GO:0050867","positive regulation of cell activation",406,7,0.0172413793103448,3.2619168356998,3.34877001501604,0.00593327945360412,0.0792991415770078,"Gata3,Ada,Pdpn,Cd226,Thbs1,Cd300lb,Ighm","positive regulation of cell activation"
"GO:0048245","eosinophil chemotaxis",22,2,0.0909090909090909,17.1991978609626,5.54092829086965,0.00597761057987369,0.0795615028007156,"Ccl8,Scg2","eosinophil chemotaxis"
"GO:0006887","exocytosis",410,7,0.0170731707317073,3.23009325681492,3.31814168928827,0.00624934252278366,0.0824964437126482,"Ykt6,Ccl8,Rab3c,Snap25,Itgam,Cd84,Sv2c","exocytosis"
"GO:0048286","lung alveolus development",71,3,0.0422535211267606,7.99399337199669,4.3017617363792,0.00635242216326086,0.0832831577095828,"Ada,Pdpn,Mmp12","lung alveolus development"
"GO:0098739","import across plasma membrane",220,5,0.0227272727272727,4.29979946524064,3.58307157602371,0.00636065097688835,0.0832831577095828,"Slc15a3,Slc9a4,Thbs1,Per2,Slc31a1","import across plasma membrane"
"GO:0051588","regulation of neurotransmitter transport",139,4,0.0287769784172662,5.44435040203132,3.82986873231895,0.00641714946099407,0.0836827466148255,"Gpr158,Sv2c,Ggcx,Per2","regulation of neurotransmitter transport"
"GO:0051963","regulation of synapse assembly",221,5,0.0226244343891403,4.28034335906308,3.57010138251122,0.00648087961031582,0.0841730371968842,"Elavl2,Dclk1,Cc2d1a,Slitrk4,Nrg2","regulation of synapse assembly"
"GO:0002577","regulation of antigen processing and presentation",23,2,0.0869565217391304,16.4514066496164,5.40403392231432,0.00652436084793367,0.0843974549847163,"Cd68,Thbs1","regulation of antigen processing and presentation"
"GO:0050890","cognition",415,7,0.0168674698795181,3.19117647058824,3.28038081320353,0.00666191807104017,0.085490191660639,"Snap25,Pianp,Cc2d1a,Gpr158,Slitrk4,C5ar1,Slc17a7","cognition"
"GO:1903556","negative regulation of tumor necrosis factor superfamily cytokine production",73,3,0.0410958904109589,7.77497985495568,4.22550214034326,0.0068600654574713,0.0876836144385518,"Ltf,Thbs1,C5ar2","negative regulation of tumor necrosis factor superfamily cytokine production"
"GO:0050920","regulation of chemotaxis",225,5,0.0222222222222222,4.20424836601307,3.51897832242431,0.00697777471218894,0.0888356219286979,"Ptgr1,Thbs1,C5ar1,Scg2,C5ar2","regulation of chemotaxis"
"GO:0055062","phosphate ion homeostasis",24,2,0.0833333333333333,15.765931372549,5.27546856739126,0.00709298387229075,0.0894062195776594,"Slc17a6,Slc17a7","phosphate ion homeostasis"
"GO:0007416","synapse assembly",320,6,0.01875,3.54733455882353,3.34249271252339,0.00720370265738594,0.0902845379744751,"Elavl2,Dclk1,Add2,Cc2d1a,Slitrk4,Nrg2","synapse assembly"
"GO:0045744","negative regulation of G protein-coupled receptor signaling pathway",76,3,0.0394736842105263,7.46807275541796,4.11638485976103,0.00766558459416919,0.0927708983209328,"Grk5,Ada,Gpr158","negative regulation of G protein-coupled receptor signaling pathway"
"GO:0051703","biological process involved in intraspecies interaction between organisms",76,3,0.0394736842105263,7.46807275541796,4.11638485976103,0.00766558459416919,0.0927708983209328,"Pianp,Ltf,Cc2d1a","biological process involved in intraspecies interaction between organisms"
"GO:0000729","DNA double-strand break processing",25,2,0.08,15.1352941176471,5.15439710628838,0.00768323664950166,0.0927708983209328,"Spo11,Rbbp8","DNA double-strand break processing"
"GO:0010759","positive regulation of macrophage chemotaxis",25,2,0.08,15.1352941176471,5.15439710628838,0.00768323664950166,0.0927708983209328,"Thbs1,C5ar1","positive regulation of macrophage chemotaxis"
"GO:0016338","calcium-independent cell-cell adhesion via plasma membrane cell-adhesion molecules",25,2,0.08,15.1352941176471,5.15439710628838,0.00768323664950166,0.0927708983209328,"Cldn11,Cldn23","calcium-independent cell-cell adhesion via plasma membrane cell-adhesion molecules"
"GO:0043153","entrainment of circadian clock by photoperiod",25,2,0.08,15.1352941176471,5.15439710628838,0.00768323664950166,0.0927708983209328,"Per3,Per2","entrainment of circadian clock by photoperiod"
"GO:0043605","amide catabolic process",25,2,0.08,15.1352941176471,5.15439710628838,0.00768323664950166,0.0927708983209328,"Ada,Pm20d1","amide catabolic process"
"GO:1901888","regulation of cell junction assembly",325,6,0.0184615384615385,3.49276018099548,3.29666186575391,0.00774569835056766,0.0927708983209328,"Elavl2,Dclk1,Cc2d1a,Rhod,Slitrk4,Nrg2","regulation of cell junction assembly"
"GO:0014902","myotube differentiation",148,4,0.027027027027027,5.11327503974563,3.65816411707902,0.00797539037454217,0.0947923704664219,"Ccl8,Dock2,Dmpk,Dner","myotube differentiation"
"GO:0042742","defense response to bacterium",430,7,0.0162790697674419,3.07985636114911,3.17043705217805,0.00802174658521223,0.094992815260914,"Tnfsf8,Ltf,C5ar1,Lyz1,Ighm,Gbp4,Igha","defense response to bacterium"
"GO:0099003","vesicle-mediated transport in synapse",329,6,0.0182370820668693,3.45029501162167,3.26063917790618,0.00820003016207385,0.0960447169165086,"Ctsd,Snap25,Sh3gl2,Slc17a6,Sv2c,Slc17a7","vesicle-mediated transport in synapse"
"GO:0072677","eosinophil migration",26,2,0.0769230769230769,14.5531674208145,5.04009759093054,0.0082948781008268,0.0964541601543795,"Ccl8,Scg2","eosinophil migration"
"GO:0009649","entrainment of circadian clock",27,2,0.0740740740740741,14.0141612200436,4.93194223509327,0.00892766905891889,0.102334598002768,"Per3,Per2","entrainment of circadian clock"
"GO:0050857","positive regulation of antigen receptor-mediated signaling pathway",27,2,0.0740740740740741,14.0141612200436,4.93194223509327,0.00892766905891889,0.102334598002768,"Ada,Cd226","positive regulation of antigen receptor-mediated signaling pathway"
"GO:0098974","postsynaptic actin cytoskeleton organization",27,2,0.0740740740740741,14.0141612200436,4.93194223509327,0.00892766905891889,0.102334598002768,"Cpne6,Sh3gl2","postsynaptic actin cytoskeleton organization"
"GO:0051057","positive regulation of small GTPase mediated signal transduction",81,3,0.037037037037037,7.00708061002179,3.94714040754823,0.00912758935723768,0.104174487926847,"Bnip2,Dock2,Apoa1","positive regulation of small GTPase mediated signal transduction"
"GO:0009615","response to virus",443,7,0.0158013544018059,2.98947682910636,3.07895909432049,0.00935751371071041,0.104174487926847,"Gata3,Itgax,Pou2af1,Tlr13,Mmp12,Tgtp1,Gbp4","response to virus"
"GO:0010810","regulation of cell-substrate adhesion",242,5,0.0206611570247934,3.90890860476422,3.31422283251648,0.00938855908020603,0.104174487926847,"Pdpn,Apoa1,Thbs1,Rhod,Mmp12","regulation of cell-substrate adhesion"
"GO:1902600","proton transmembrane transport",156,4,0.0256410256410256,4.85105580693816,3.51685615862717,0.00955327920832987,0.104174487926847,"Slc9a4,Atp6v0d2,Slc17a6,Slc17a7","proton transmembrane transport"
"GO:0003417","growth plate cartilage development",28,2,0.0714285714285714,13.5136554621849,4.829382169294,0.00958137225459693,0.104174487926847,"Gusb,Thbs1","growth plate cartilage development"
"GO:0006027","glycosaminoglycan catabolic process",28,2,0.0714285714285714,13.5136554621849,4.829382169294,0.00958137225459693,0.104174487926847,"Hmmr,Gusb","glycosaminoglycan catabolic process"
"GO:0006691","leukotriene metabolic process",28,2,0.0714285714285714,13.5136554621849,4.829382169294,0.00958137225459693,0.104174487926847,"Ptgr1,Dpep2","leukotriene metabolic process"
"GO:0050965","detection of temperature stimulus involved in sensory perception of pain",28,2,0.0714285714285714,13.5136554621849,4.829382169294,0.00958137225459693,0.104174487926847,"Scn10a,Prdm12","detection of temperature stimulus involved in sensory perception of pain"
"GO:0007160","cell-matrix adhesion",244,5,0.0204918032786885,3.87686837029894,3.29136381371964,0.00970549797167896,0.104174487926847,"Itgam,Itgax,Thbs1,Rhod,Mmp12","cell-matrix adhesion"
"GO:0006813","potassium ion transport",246,5,0.0203252032520325,3.84534911525586,3.26874574406481,0.0100297304600964,0.104174487926847,"Slc9a4,Snap25,Slc17a6,Dpp6,Slc17a7","potassium ion transport"
"GO:0032729","positive regulation of type II interferon production",84,3,0.0357142857142857,6.75682773109244,3.85234241719179,0.0100776540329039,0.104174487926847,"Cd2,Cd226,Isl1","positive regulation of type II interferon production"
"GO:0006817","phosphate ion transport",29,2,0.0689655172413793,13.0476673427992,4.73193510962253,0.0102557523037049,0.104174487926847,"Slc17a6,Slc17a7","phosphate ion transport"
"GO:0009648","photoperiodism",29,2,0.0689655172413793,13.0476673427992,4.73193510962253,0.0102557523037049,0.104174487926847,"Per3,Per2","photoperiodism"
"GO:0045061","thymic T cell selection",29,2,0.0689655172413793,13.0476673427992,4.73193510962253,0.0102557523037049,0.104174487926847,"Gata3,Dock2","thymic T cell selection"
"GO:0008543","fibroblast growth factor receptor signaling pathway",85,3,0.0352941176470588,6.67733564013841,3.82176964092717,0.0104066296882417,0.104174487926847,"Gata3,Thbs1,Rhod","fibroblast growth factor receptor signaling pathway"
"GO:0051453","regulation of intracellular pH",85,3,0.0352941176470588,6.67733564013841,3.82176964092717,0.0104066296882417,0.104174487926847,"Slc4a7,Slc9a4,Atp6v0d2","regulation of intracellular pH"
"GO:0007623","circadian rhythm",250,5,0.02,3.78382352941177,3.22421369716585,0.0107003862586938,0.105400440792822,"Ada,Per3,Scn10a,Per2,Nfil3","circadian rhythm"
"GO:0051384","response to glucocorticoid",162,4,0.0246913580246914,4.67138707334786,3.41704838015352,0.0108612196572217,0.10624037442937,"Nefl,Isl1,Glb1,Zfp764","response to glucocorticoid"
"GO:0007141","male meiosis I",30,2,0.0666666666666667,12.6127450980392,4.63917530414013,0.0109505756940549,0.10624037442937,"Dnmt3l,Spo11","male meiosis I"
"GO:0010575","positive regulation of vascular endothelial growth factor production",30,2,0.0666666666666667,12.6127450980392,4.63917530414013,0.0109505756940549,0.10624037442937,"Isl1,C5ar1","positive regulation of vascular endothelial growth factor production"
"GO:0050926","regulation of positive chemotaxis",30,2,0.0666666666666667,12.6127450980392,4.63917530414013,0.0109505756940549,0.10624037442937,"Ptgr1,Scg2","regulation of positive chemotaxis"
"GO:0090382","phagosome maturation",30,2,0.0666666666666667,12.6127450980392,4.63917530414013,0.0109505756940549,0.10624037442937,"Rab32,Slc4a7","phagosome maturation"
"GO:0002366","leukocyte activation involved in immune response",352,6,0.0170454545454545,3.22484959893048,3.06376265290969,0.0111917369327789,0.108232311347149,"Gata3,Ada,Dock2,Itgam,Pou2af1,Cd84","leukocyte activation involved in immune response"
"GO:0060348","bone development",253,5,0.0197628458498024,3.73895605673099,3.19141297581902,0.0112230959298193,0.108232311347149,"Gusb,Ltf,Thbs1,Ggcx,Slc38a10","bone development"
"GO:0045576","mast cell activation",88,3,0.0340909090909091,6.44969919786096,3.73292912746452,0.0114307165751552,0.109905486831567,"Cd226,Cd84,Cd300lb","mast cell activation"
"GO:0007264","small GTPase-mediated signal transduction",461,7,0.0151843817787419,2.87275105269874,2.95766042109156,0.011467418637348,0.10993022449672,"Bnip2,Dock2,Dok2,Pdpn,Apoa1,Dock3,Rhod","small GTPase-mediated signal transduction"
"GO:0035337","fatty-acyl-CoA metabolic process",31,2,0.0645161290322581,12.2058823529412,4.55072527565834,0.0116656107724537,0.110840508253904,"Dgat2,Elovl3","fatty-acyl-CoA metabolic process"
"GO:0045187","regulation of circadian sleep/wake cycle, sleep",31,2,0.0645161290322581,12.2058823529412,4.55072527565834,0.0116656107724537,0.110840508253904,"Ada,Per3","regulation of circadian sleep/wake cycle, sleep"
"GO:1905523","positive regulation of macrophage migration",31,2,0.0645161290322581,12.2058823529412,4.55072527565834,0.0116656107724537,0.110840508253904,"Thbs1,C5ar1","positive regulation of macrophage migration"
"GO:0002263","cell activation involved in immune response",356,6,0.0168539325842697,3.18861533377396,3.03118046729446,0.0117815728537557,0.111313703570428,"Gata3,Ada,Dock2,Itgam,Pou2af1,Cd84","cell activation involved in immune response"
"GO:0042157","lipoprotein metabolic process",89,3,0.0337078651685393,6.37723066754792,3.70423060548857,0.0117845305549568,0.111313703570428,"Ctsd,Dgat2,Apoa1","lipoprotein metabolic process"
"GO:0009306","protein secretion",465,7,0.0150537634408602,2.84803921568627,2.93149955638454,0.0119796427443819,0.111844722549722,"Pfkl,Gusb,Snap25,Krt20,Isl1,Per2,C1qtnf5","protein secretion"
"GO:0044843","cell cycle G1/S phase transition",259,5,0.0193050193050193,3.65233931410402,3.12728737521313,0.012320312922041,0.113151336895665,"Susd2,E2f1,Pdpn,Zc3h12d,Rbbp8","cell cycle G1/S phase transition"
"GO:0035592","establishment of protein localization to extracellular region",468,7,0.014957264957265,2.82978255404726,2.91206033256586,0.0123745431602009,0.113151336895665,"Pfkl,Gusb,Snap25,Krt20,Isl1,Per2,C1qtnf5","establishment of protein localization to extracellular region"
"GO:0000096","sulfur amino acid metabolic process",32,2,0.0625,11.8244485294118,4.46624899334693,0.012400627731813,0.113151336895665,"Cth,Bhmt","sulfur amino acid metabolic process"
"GO:0031664","regulation of lipopolysaccharide-mediated signaling pathway",32,2,0.0625,11.8244485294118,4.46624899334693,0.012400627731813,0.113151336895665,"Ltf,Cd84","regulation of lipopolysaccharide-mediated signaling pathway"
"GO:0048266","behavioral response to pain",32,2,0.0625,11.8244485294118,4.46624899334693,0.012400627731813,0.113151336895665,"Scn10a,Thbs1","behavioral response to pain"
"GO:0050961","detection of temperature stimulus involved in sensory perception",32,2,0.0625,11.8244485294118,4.46624899334693,0.012400627731813,0.113151336895665,"Scn10a,Prdm12","detection of temperature stimulus involved in sensory perception"
"GO:0065005","protein-lipid complex assembly",32,2,0.0625,11.8244485294118,4.46624899334693,0.012400627731813,0.113151336895665,"Sh3gl2,Apoa1","protein-lipid complex assembly"
"GO:0071692","protein localization to extracellular region",473,7,0.0147991543340381,2.79986941922646,2.88000015567029,0.0130535015633804,0.114922109030195,"Pfkl,Gusb,Snap25,Krt20,Isl1,Per2,C1qtnf5","protein localization to extracellular region"
"GO:0032607","interferon-alpha production",33,2,0.0606060606060606,11.4661319073084,4.38544618976639,0.0131553985983421,0.114922109030195,"Mmp12,Gbp4","interferon-alpha production"
"GO:0032647","regulation of interferon-alpha production",33,2,0.0606060606060606,11.4661319073084,4.38544618976639,0.0131553985983421,0.114922109030195,"Mmp12,Gbp4","regulation of interferon-alpha production"
"GO:0090128","regulation of synapse maturation",33,2,0.0606060606060606,11.4661319073084,4.38544618976639,0.0131553985983421,0.114922109030195,"Nefl,Nrg2","regulation of synapse maturation"
"GO:0030641","regulation of cellular pH",93,3,0.032258064516129,6.10294117647059,3.59368709048333,0.0132625144262433,0.114922109030195,"Slc4a7,Slc9a4,Atp6v0d2","regulation of cellular pH"
"GO:0002824","positive regulation of adaptive immune response based on somatic recombination of immune receptors built from immunoglobulin superfamily domains",172,4,0.0232558139534884,4.39979480164159,3.26110904450496,0.0132881937240247,0.114922109030195,"Gata3,Ada,Cd226,Raet1d","positive regulation of adaptive immune response based on somatic recombination of immune receptors built from immunoglobulin superfamily domains"
"GO:0051146","striated muscle cell differentiation",366,6,0.0163934426229508,3.10149469623915,2.95169713376998,0.0133516911290715,0.114922109030195,"Ccl8,Bnip2,Dock2,Dmpk,Dner,Isl1","striated muscle cell differentiation"
"GO:0032635","interleukin-6 production",173,4,0.023121387283237,4.3743624617477,3.24617307360595,0.013548322984227,0.114922109030195,"Pou2af1,Cd84,Isl1,C5ar2","interleukin-6 production"
"GO:0032675","regulation of interleukin-6 production",173,4,0.023121387283237,4.3743624617477,3.24617307360595,0.013548322984227,0.114922109030195,"Pou2af1,Cd84,Isl1,C5ar2","regulation of interleukin-6 production"
"GO:0030593","neutrophil chemotaxis",94,3,0.0319148936170213,6.03801627033792,3.56705812279499,0.0136477711301864,0.114922109030195,"Itgam,C5ar1,C5ar2","neutrophil chemotaxis"
"GO:0042267","natural killer cell mediated cytotoxicity",94,3,0.0319148936170213,6.03801627033792,3.56705812279499,0.0136477711301864,0.114922109030195,"Cd2,Cd226,Raet1d","natural killer cell mediated cytotoxicity"
"GO:0050802","circadian sleep/wake cycle, sleep",34,2,0.0588235294117647,11.128892733564,4.30804760287734,0.0139296972188227,0.114922109030195,"Ada,Per3","circadian sleep/wake cycle, sleep"
"GO:0060037","pharyngeal system development",34,2,0.0588235294117647,11.128892733564,4.30804760287734,0.0139296972188227,0.114922109030195,"Gata3,Isl1","pharyngeal system development"
"GO:1901988","negative regulation of cell cycle phase transition",268,5,0.0186567164179104,3.52968612818262,3.03458707849629,0.0140993005780812,0.114922109030195,"Susd2,E2f1,Zc3h12d,Rbbp8,Clspn","negative regulation of cell cycle phase transition"
"GO:0099504","synaptic vesicle cycle",270,5,0.0185185185185185,3.50354030501089,3.01452642275112,0.0145168785162187,0.114922109030195,"Snap25,Sh3gl2,Slc17a6,Sv2c,Slc17a7","synaptic vesicle cycle"
"GO:0009069","serine family amino acid metabolic process",35,2,0.0571428571428571,10.8109243697479,4.23381097013825,0.0147232992479661,0.114922109030195,"Cth,Glyat","serine family amino acid metabolic process"
"GO:0010758","regulation of macrophage chemotaxis",35,2,0.0571428571428571,10.8109243697479,4.23381097013825,0.0147232992479661,0.114922109030195,"Thbs1,C5ar1","regulation of macrophage chemotaxis"
"GO:0016048","detection of temperature stimulus",35,2,0.0571428571428571,10.8109243697479,4.23381097013825,0.0147232992479661,0.114922109030195,"Scn10a,Prdm12","detection of temperature stimulus"
"GO:0040036","regulation of fibroblast growth factor receptor signaling pathway",35,2,0.0571428571428571,10.8109243697479,4.23381097013825,0.0147232992479661,0.114922109030195,"Gata3,Thbs1","regulation of fibroblast growth factor receptor signaling pathway"
"GO:0042749","regulation of circadian sleep/wake cycle",35,2,0.0571428571428571,10.8109243697479,4.23381097013825,0.0147232992479661,0.114922109030195,"Ada,Per3","regulation of circadian sleep/wake cycle"
"GO:2000352","negative regulation of endothelial cell apoptotic process",35,2,0.0571428571428571,10.8109243697479,4.23381097013825,0.0147232992479661,0.114922109030195,"Gata3,Scg2","negative regulation of endothelial cell apoptotic process"
"GO:0030098","lymphocyte differentiation",486,7,0.01440329218107,2.72497579278625,2.79855520662931,0.0149439445468682,0.114922109030195,"Gata3,Ada,Dock2,Tnfsf8,Pou2af1,Nfil3,Ighm","lymphocyte differentiation"
"GO:0060078","regulation of postsynaptic membrane potential",179,4,0.0223463687150838,4.22773578705225,3.15887446212415,0.0151772300497418,0.114922109030195,"Dmpk,Sv2c,Dpp6,Slc17a7","regulation of postsynaptic membrane potential"
"GO:0031960","response to corticosteroid",180,4,0.0222222222222222,4.20424836601307,3.14469693007727,0.0154601853244179,0.114922109030195,"Nefl,Isl1,Glb1,Zfp764","response to corticosteroid"
"GO:0002313","mature B cell differentiation involved in immune response",36,2,0.0555555555555556,10.5106209150327,4.16251763805759,0.0155359821358508,0.114922109030195,"Ada,Pou2af1","mature B cell differentiation involved in immune response"
"GO:0003416","endochondral bone growth",36,2,0.0555555555555556,10.5106209150327,4.16251763805759,0.0155359821358508,0.114922109030195,"Gusb,Thbs1","endochondral bone growth"
"GO:0035455","response to interferon-alpha",36,2,0.0555555555555556,10.5106209150327,4.16251763805759,0.0155359821358508,0.114922109030195,"Gata3,Tgtp1","response to interferon-alpha"
"GO:0048799","animal organ maturation",36,2,0.0555555555555556,10.5106209150327,4.16251763805759,0.0155359821358508,0.114922109030195,"Gata3,Ltf","animal organ maturation"
"GO:0042692","muscle cell differentiation",491,7,0.0142566191446029,2.69722654846052,2.76793772989631,0.0157206358356419,0.114922109030195,"Ccl8,Bnip2,Dock2,Cth,Dmpk,Dner,Isl1","muscle cell differentiation"
"GO:0002821","positive regulation of adaptive immune response",181,4,0.0220994475138122,4.18102047448814,3.13062193306247,0.0157464498309044,0.114922109030195,"Gata3,Ada,Cd226,Raet1d","positive regulation of adaptive immune response"
"GO:0002696","positive regulation of leukocyte activation",381,6,0.015748031496063,2.97938860583604,2.83742873751617,0.0159735916763145,0.115880492768939,"Gata3,Ada,Cd226,Thbs1,Cd300lb,Ighm","positive regulation of leukocyte activation"
"GO:0001912","positive regulation of leukocyte mediated cytotoxicity",100,3,0.03,5.67573529411765,3.41497428989388,0.0160927307235688,0.115961265459989,"Itgam,Cd226,Raet1d","positive regulation of leukocyte mediated cytotoxicity"
"GO:0002228","natural killer cell mediated immunity",100,3,0.03,5.67573529411765,3.41497428989388,0.0160927307235688,0.115961265459989,"Cd2,Cd226,Raet1d","natural killer cell mediated immunity"
"GO:0150076","neuroinflammatory response",100,3,0.03,5.67573529411765,3.41497428989388,0.0160927307235688,0.115961265459989,"Itgam,C5ar1,Cd200r4","neuroinflammatory response"
"GO:0002697","regulation of immune effector process",494,7,0.01417004048583,2.68084663015004,2.74974947465673,0.0162002271336544,0.116379245909131,"Gata3,Itgam,Apoa1,Cd226,Cd84,Ighm,Raet1d","regulation of immune effector process"
"GO:0006026","aminoglycan catabolic process",37,2,0.0540540540540541,10.2265500794913,4.09396967843661,0.0163675251154413,0.116379245909131,"Hmmr,Gusb","aminoglycan catabolic process"
"GO:0010574","regulation of vascular endothelial growth factor production",37,2,0.0540540540540541,10.2265500794913,4.09396967843661,0.0163675251154413,0.116379245909131,"Isl1,C5ar1","regulation of vascular endothelial growth factor production"
"GO:0022410","circadian sleep/wake cycle process",37,2,0.0540540540540541,10.2265500794913,4.09396967843661,0.0163675251154413,0.116379245909131,"Ada,Per3","circadian sleep/wake cycle process"
"GO:0050728","negative regulation of inflammatory response",185,4,0.0216216216216216,4.0906200317965,3.07532026955933,0.0169248278599139,0.120076807349741,"Gata3,Ada,Apoa1,Isl1","negative regulation of inflammatory response"
"GO:0071353","cellular response to interleukin-4",38,2,0.0526315789473684,9.95743034055728,4.02798742413677,0.0172177091901873,0.121618950222792,"Gata3,Nfil3","cellular response to interleukin-4"
"GO:0090022","regulation of neutrophil chemotaxis",38,2,0.0526315789473684,9.95743034055728,4.02798742413677,0.0172177091901873,0.121618950222792,"C5ar1,C5ar2","regulation of neutrophil chemotaxis"
"GO:0045786","negative regulation of cell cycle",388,6,0.0154639175257732,2.92563674954518,2.78600319377214,0.01731142407579,0.121746936567947,"Susd2,Gata3,E2f1,Zc3h12d,Rbbp8,Clspn","negative regulation of cell cycle"
"GO:0001909","leukocyte mediated cytotoxicity",188,4,0.0212765957446809,4.02534418022528,3.03485599732001,0.0178439042234414,0.124130812134888,"Cd2,Itgam,Cd226,Raet1d","leukocyte mediated cytotoxicity"
"GO:1902806","regulation of cell cycle G1/S phase transition",188,4,0.0212765957446809,4.02534418022528,3.03485599732001,0.0178439042234414,0.124130812134888,"Susd2,E2f1,Pdpn,Zc3h12d","regulation of cell cycle G1/S phase transition"
"GO:0031343","positive regulation of cell killing",104,3,0.0288461538461538,5.45743778280543,3.32026978738247,0.0178505404106209,0.124130812134888,"Itgam,Cd226,Raet1d","positive regulation of cell killing"
"GO:0044272","sulfur compound biosynthetic process",105,3,0.0285714285714286,5.40546218487395,3.29735734162912,0.0183060486323535,0.12626077654135,"Cth,Elovl3,Bhmt","sulfur compound biosynthetic process"
"GO:0033077","T cell differentiation in thymus",106,3,0.0283018867924528,5.35446725860155,3.27473622583717,0.0187679915683829,0.127243506596502,"Gata3,Ada,Dock2","T cell differentiation in thymus"
"GO:0010573","vascular endothelial growth factor production",40,2,0.05,9.45955882352941,3.9030802703388,0.0189731334175204,0.127243506596502,"Isl1,C5ar1","vascular endothelial growth factor production"
"GO:0022617","extracellular matrix disassembly",40,2,0.05,9.45955882352941,3.9030802703388,0.0189731334175204,0.127243506596502,"Fap,Pdpn","extracellular matrix disassembly"
"GO:0030212","hyaluronan metabolic process",40,2,0.05,9.45955882352941,3.9030802703388,0.0189731334175204,0.127243506596502,"Hmmr,Gusb","hyaluronan metabolic process"
"GO:0050851","antigen receptor-mediated signaling pathway",192,4,0.0208333333333333,3.94148284313725,2.9821900544424,0.0191169299073358,0.127243506596502,"Gata3,Ada,Cd226,Ighm","antigen receptor-mediated signaling pathway"
"GO:0010717","regulation of epithelial to mesenchymal transition",107,3,0.0280373831775701,5.30442550852117,3.25239977106229,0.019236374222913,0.127243506596502,"Gata3,Pdpn,Isl1","regulation of epithelial to mesenchymal transition"
"GO:0019915","lipid storage",108,3,0.0277777777777778,5.25531045751634,3.23034152282786,0.0197112009330841,0.127243506596502,"Dgat2,Apoa1,Apoc4","lipid storage"
"GO:0007269","neurotransmitter secretion",194,4,0.0206185567010309,3.90084899939357,2.95638763812736,0.0197740146803691,0.127243506596502,"Snap25,Gpr158,Sv2c,Ggcx","neurotransmitter secretion"
"GO:0099643","signal release from synapse",194,4,0.0206185567010309,3.90084899939357,2.95638763812736,0.0197740146803691,0.127243506596502,"Snap25,Gpr158,Sv2c,Ggcx","signal release from synapse"
"GO:0001709","cell fate determination",41,2,0.0487804878048781,9.22883787661406,3.84386972104561,0.0198779443189361,0.127243506596502,"Gata3,Isl1","cell fate determination"
"GO:0001953","negative regulation of cell-matrix adhesion",41,2,0.0487804878048781,9.22883787661406,3.84386972104561,0.0198779443189361,0.127243506596502,"Thbs1,Mmp12","negative regulation of cell-matrix adhesion"
"GO:0030431","sleep",41,2,0.0487804878048781,9.22883787661406,3.84386972104561,0.0198779443189361,0.127243506596502,"Ada,Per3","sleep"
"GO:0044319","wound healing, spreading of cells",41,2,0.0487804878048781,9.22883787661406,3.84386972104561,0.0198779443189361,0.127243506596502,"Pdpn,Mmp12","wound healing, spreading of cells"
"GO:0070670","response to interleukin-4",41,2,0.0487804878048781,9.22883787661406,3.84386972104561,0.0198779443189361,0.127243506596502,"Gata3,Nfil3","response to interleukin-4"
"GO:0071398","cellular response to fatty acid",41,2,0.0487804878048781,9.22883787661406,3.84386972104561,0.0198779443189361,0.127243506596502,"E2f1,Dgat2","cellular response to fatty acid"
"GO:0090505","epiboly involved in wound healing",41,2,0.0487804878048781,9.22883787661406,3.84386972104561,0.0198779443189361,0.127243506596502,"Pdpn,Mmp12","epiboly involved in wound healing"
"GO:0097242","amyloid-beta clearance",41,2,0.0487804878048781,9.22883787661406,3.84386972104561,0.0198779443189361,0.127243506596502,"Itgam,C5ar1","amyloid-beta clearance"
"GO:0098868","bone growth",41,2,0.0487804878048781,9.22883787661406,3.84386972104561,0.0198779443189361,0.127243506596502,"Gusb,Thbs1","bone growth"
"GO:0016197","endosomal transport",293,5,0.0170648464163823,3.22851836980526,2.79659069559984,0.0199271012516961,0.127243506596502,"Ykt6,Ctsd,Snap25,Snx8,Ighm","endosomal transport"
"GO:0044344","cellular response to fibroblast growth factor stimulus",110,3,0.0272727272727273,5.15975935828877,3.18703484790333,0.0206802005875586,0.127243506596502,"Gata3,Thbs1,Rhod","cellular response to fibroblast growth factor stimulus"
"GO:0050951","sensory perception of temperature stimulus",42,2,0.0476190476190476,9.00910364145658,3.78665063044876,0.0208005377889162,0.127243506596502,"Scn10a,Prdm12","sensory perception of temperature stimulus"
"GO:0090504","epiboly",42,2,0.0476190476190476,9.00910364145658,3.78665063044876,0.0208005377889162,0.127243506596502,"Pdpn,Mmp12","epiboly"
"GO:0006885","regulation of pH",112,3,0.0267857142857143,5.06762079831933,3.1447685300687,0.0216750122278349,0.12920074902916,"Slc4a7,Slc9a4,Atp6v0d2","regulation of pH"
"GO:0019731","antibacterial humoral response",112,3,0.0267857142857143,5.06762079831933,3.1447685300687,0.0216750122278349,0.12920074902916,"Ltf,Ighm,Igha","antibacterial humoral response"
"GO:0006958","complement activation, classical pathway",43,2,0.0465116279069767,8.79958960328317,3.73130810508817,0.0217407035000945,0.12920074902916,"Ighm,Igha","complement activation, classical pathway"
"GO:0042745","circadian sleep/wake cycle",43,2,0.0465116279069767,8.79958960328317,3.73130810508817,0.0217407035000945,0.12920074902916,"Ada,Per3","circadian sleep/wake cycle"
"GO:0042832","defense response to protozoan",43,2,0.0465116279069767,8.79958960328317,3.73130810508817,0.0217407035000945,0.12920074902916,"Tgtp1,Gbp4","defense response to protozoan"
"GO:0062149","detection of stimulus involved in sensory perception of pain",43,2,0.0465116279069767,8.79958960328317,3.73130810508817,0.0217407035000945,0.12920074902916,"Scn10a,Prdm12","detection of stimulus involved in sensory perception of pain"
"GO:0071402","cellular response to lipoprotein particle stimulus",43,2,0.0465116279069767,8.79958960328317,3.73130810508817,0.0217407035000945,0.12920074902916,"Cd68,Apoa1","cellular response to lipoprotein particle stimulus"
"GO:1905332","positive regulation of morphogenesis of an epithelium",43,2,0.0465116279069767,8.79958960328317,3.73130810508817,0.0217407035000945,0.12920074902916,"Gata3,Itgax","positive regulation of morphogenesis of an epithelium"
"GO:0002275","myeloid cell activation involved in immune response",113,3,0.0265486725663717,5.02277459656429,3.12401140997927,0.0221821015518857,0.130380564048584,"Dock2,Itgam,Cd84","myeloid cell activation involved in immune response"
"GO:0006637","acyl-CoA metabolic process",113,3,0.0265486725663717,5.02277459656429,3.12401140997927,0.0221821015518857,0.130380564048584,"Dgat2,Elovl3,Glyat","acyl-CoA metabolic process"
"GO:0007229","integrin-mediated signaling pathway",113,3,0.0265486725663717,5.02277459656429,3.12401140997927,0.0221821015518857,0.130380564048584,"Itgam,Itgax,Apoa1","integrin-mediated signaling pathway"
"GO:0035383","thioester metabolic process",113,3,0.0265486725663717,5.02277459656429,3.12401140997927,0.0221821015518857,0.130380564048584,"Dgat2,Elovl3,Glyat","thioester metabolic process"
"GO:0170062","nutrient storage",113,3,0.0265486725663717,5.02277459656429,3.12401140997927,0.0221821015518857,0.130380564048584,"Dgat2,Apoa1,Apoc4","nutrient storage"
"GO:0002705","positive regulation of leukocyte mediated immunity",202,4,0.0198019801980198,3.74635993011066,2.85651538853876,0.0225411756842524,0.13200932159814,"Gata3,Itgam,Cd226,Raet1d","positive regulation of leukocyte mediated immunity"
"GO:0060351","cartilage development involved in endochondral bone morphogenesis",44,2,0.0454545454545455,8.59959893048128,3.67773638970095,0.0226982328228414,0.132556630473187,"Gusb,Thbs1","cartilage development involved in endochondral bone morphogenesis"
"GO:0021700","developmental maturation",413,6,0.0145278450363196,2.7485400940037,2.61129733197715,0.0227169388454515,0.132556630473187,"Gata3,Rab32,Nefl,Ltf,Nrg2,Slc17a7","developmental maturation"
"GO:0031348","negative regulation of defense response",306,5,0.0163398692810458,3.09135909265667,2.68274384450462,0.023501934167623,0.13456368703025,"Gata3,Ada,Apoa1,Isl1,Mmp12","negative regulation of defense response"
"GO:0002335","mature B cell differentiation",45,2,0.0444444444444444,8.40849673202614,3.62583795121779,0.0236729188134113,0.13456368703025,"Ada,Pou2af1","mature B cell differentiation"
"GO:0002385","mucosal immune response",45,2,0.0444444444444444,8.40849673202614,3.62583795121779,0.0236729188134113,0.13456368703025,"Ltf,Igha","mucosal immune response"
"GO:0007616","long-term memory",45,2,0.0444444444444444,8.40849673202614,3.62583795121779,0.0236729188134113,0.13456368703025,"Snap25,Slc17a7","long-term memory"
"GO:0002027","regulation of heart rate",117,3,0.0256410256410256,4.85105580693816,3.04336711225572,0.0242750207075085,0.13456368703025,"Ada,Scn10a,Isl1","regulation of heart rate"
"GO:0060349","bone morphogenesis",117,3,0.0256410256410256,4.85105580693816,3.04336711225572,0.0242750207075085,0.13456368703025,"Gusb,Ltf,Thbs1","bone morphogenesis"
"GO:0002446","neutrophil mediated immunity",46,2,0.0434782608695652,8.22570332480818,3.5755226726631,0.0246645562021661,0.13456368703025,"Itgam,Cd300lb","neutrophil mediated immunity"
"GO:0030574","collagen catabolic process",46,2,0.0434782608695652,8.22570332480818,3.5755226726631,0.0246645562021661,0.13456368703025,"Fap,Mmp12","collagen catabolic process"
"GO:0097484","dendrite extension",46,2,0.0434782608695652,8.22570332480818,3.5755226726631,0.0246645562021661,0.13456368703025,"Cpne6,Sh3gl2","dendrite extension"
"GO:0099170","postsynaptic modulation of chemical synaptic transmission",46,2,0.0434782608695652,8.22570332480818,3.5755226726631,0.0246645562021661,0.13456368703025,"Nefl,Clmp","postsynaptic modulation of chemical synaptic transmission"
"GO:0046928","regulation of neurotransmitter secretion",118,3,0.0254237288135593,4.80994516450648,3.02377733194785,0.0248143860942339,0.13456368703025,"Gpr158,Sv2c,Ggcx","regulation of neurotransmitter secretion"
"GO:0071774","response to fibroblast growth factor",118,3,0.0254237288135593,4.80994516450648,3.02377733194785,0.0248143860942339,0.13456368703025,"Gata3,Thbs1,Rhod","response to fibroblast growth factor"
"GO:0010948","negative regulation of cell cycle process",312,5,0.016025641025641,3.03190987933635,2.6322241909204,0.0252830805047858,0.13456368703025,"Susd2,E2f1,Zc3h12d,Rbbp8,Clspn","negative regulation of cell cycle process"
"GO:0001562","response to protozoan",47,2,0.0425531914893617,8.05068836045056,3.52670714169813,0.0256729413818746,0.13456368703025,"Tgtp1,Gbp4","response to protozoan"
"GO:0019885","antigen processing and presentation of endogenous peptide antigen via MHC class I",47,2,0.0425531914893617,8.05068836045056,3.52670714169813,0.0256729413818746,0.13456368703025,"Tapbp,Raet1d","antigen processing and presentation of endogenous peptide antigen via MHC class I"
"GO:0048665","neuron fate specification",47,2,0.0425531914893617,8.05068836045056,3.52670714169813,0.0256729413818746,0.13456368703025,"Isl1,Prdm12","neuron fate specification"
"GO:0008016","regulation of heart contraction",212,4,0.0188679245283019,3.5696448390677,2.73860590766428,0.0263171894445665,0.135195641468818,"Ada,Dmpk,Scn10a,Isl1","regulation of heart contraction"
"GO:0002251","organ or tissue specific immune response",48,2,0.0416666666666667,7.88296568627451,3.47931402094113,0.0266978723960876,0.136715178041014,"Ltf,Igha","organ or tissue specific immune response"
"GO:0002483","antigen processing and presentation of endogenous peptide antigen",48,2,0.0416666666666667,7.88296568627451,3.47931402094113,0.0266978723960876,0.136715178041014,"Tapbp,Raet1d","antigen processing and presentation of endogenous peptide antigen"
"GO:0050678","regulation of epithelial cell proliferation",431,6,0.0139211136890951,2.63375187662072,2.49335939076464,0.0272478673456792,0.139089351379449,"Gata3,Thbs1,Isl1,C5ar1,Mmp12,Scg2","regulation of epithelial cell proliferation"
"GO:1903524","positive regulation of blood circulation",49,2,0.0408163265306122,7.72208883553421,3.43327148917605,0.0277391489275878,0.14118434377593,"Ada,Dusp5","positive regulation of blood circulation"
"GO:0002703","regulation of leukocyte mediated immunity",320,5,0.015625,2.95611213235294,2.56671842519499,0.0277897776944861,0.14118434377593,"Gata3,Itgam,Cd226,Cd84,Raet1d","regulation of leukocyte mediated immunity"
"GO:0045765","regulation of angiogenesis",320,5,0.015625,2.95611213235294,2.56671842519499,0.0277897776944861,0.14118434377593,"Itgax,Thbs1,Isl1,C5ar1,Adam12","regulation of angiogenesis"
"GO:0002700","regulation of production of molecular mediator of immune response",216,4,0.0185185185185185,3.50354030501089,2.6934195768957,0.027927621562581,0.141661211107202,"Gata3,Apoa1,Cd226,Ighm","regulation of production of molecular mediator of immune response"
"GO:0030198","extracellular matrix organization",323,5,0.0154798761609907,2.92865598251685,2.5426768030821,0.0287691232996663,0.144623550572356,"Fap,Adamdec1,Col5a2,Pdpn,Mmp12","extracellular matrix organization"
"GO:0019320","hexose catabolic process",50,2,0.04,7.56764705882353,3.38851274420152,0.0287965722869144,0.144623550572356,"Pfkl,Glb1","hexose catabolic process"
"GO:0048246","macrophage chemotaxis",50,2,0.04,7.56764705882353,3.38851274420152,0.0287965722869144,0.144623550572356,"Thbs1,C5ar1","macrophage chemotaxis"
"GO:0051452","intracellular pH reduction",50,2,0.04,7.56764705882353,3.38851274420152,0.0287965722869144,0.144623550572356,"Slc4a7,Atp6v0d2","intracellular pH reduction"
"GO:1905521","regulation of macrophage migration",50,2,0.04,7.56764705882353,3.38851274420152,0.0287965722869144,0.144623550572356,"Thbs1,C5ar1","regulation of macrophage migration"
"GO:0045229","external encapsulating structure organization",324,5,0.0154320987654321,2.91961692084241,2.53472444111084,0.029100378879348,0.145273703370168,"Fap,Adamdec1,Col5a2,Pdpn,Mmp12","external encapsulating structure organization"
"GO:0007159","leukocyte cell-cell adhesion",438,6,0.0136986301369863,2.59165995165189,2.44910600135128,0.0291608886866944,0.145273703370168,"Gata3,Ada,Add2,Itgam,Zc3h12d,Thbs1","leukocyte cell-cell adhesion"
"GO:0043062","extracellular structure organization",325,5,0.0153846153846154,2.9106334841629,2.52680245564456,0.0294340457626102,0.145273703370168,"Fap,Adamdec1,Col5a2,Pdpn,Mmp12","extracellular structure organization"
"GO:0019883","antigen processing and presentation of endogenous antigen",51,2,0.0392156862745098,7.41926182237601,3.34497555943663,0.0298699454009615,0.145273703370168,"Tapbp,Raet1d","antigen processing and presentation of endogenous antigen"
"GO:0030890","positive regulation of B cell proliferation",51,2,0.0392156862745098,7.41926182237601,3.34497555943663,0.0298699454009615,0.145273703370168,"Ada,Ighm","positive regulation of B cell proliferation"
"GO:0050856","regulation of T cell receptor signaling pathway",51,2,0.0392156862745098,7.41926182237601,3.34497555943663,0.0298699454009615,0.145273703370168,"Ada,Cd226","regulation of T cell receptor signaling pathway"
"GO:0051092","positive regulation of NF-kappaB transcription factor activity",51,2,0.0392156862745098,7.41926182237601,3.34497555943663,0.0298699454009615,0.145273703370168,"Cth,Cd84","positive regulation of NF-kappaB transcription factor activity"
"GO:1990266","neutrophil migration",127,3,0.0236220472440945,4.46908290875405,2.85682038774921,0.0299584624243703,0.145273703370168,"Itgam,C5ar1,C5ar2","neutrophil migration"
"GO:0046631","alpha-beta T cell activation",221,4,0.0180995475113122,3.42427468725047,2.63841478320484,0.0300218256816057,0.145273703370168,"Gata3,Ada,Dock2,Tnfsf8","alpha-beta T cell activation"
"GO:1901342","regulation of vasculature development",327,5,0.0152905198776758,2.89283144450441,2.51104872014019,0.030108631596695,0.145273703370168,"Itgax,Thbs1,Isl1,C5ar1,Adam12","regulation of vasculature development"
"GO:0099173","postsynapse organization",328,5,0.0152439024390244,2.88401183644189,2.50321652892158,0.0304495594405333,0.145273703370168,"Nefl,Cpne6,Dclk1,Sh3gl2,Cc2d1a","postsynapse organization"
"GO:0002444","myeloid leukocyte mediated immunity",128,3,0.0234375,4.43416819852941,2.83923555719976,0.0305621307096773,0.145273703370168,"Itgam,Cd84,Cd300lb","myeloid leukocyte mediated immunity"
"GO:0042752","regulation of circadian rhythm",128,3,0.0234375,4.43416819852941,2.83923555719976,0.0305621307096773,0.145273703370168,"Ada,Per3,Per2","regulation of circadian rhythm"
"GO:0045089","positive regulation of innate immune response",443,6,0.0135440180586907,2.56240871066259,2.41801886725214,0.0305803035267171,0.145273703370168,"Slc15a3,Gusb,Ltf,Tlr13,Cd226,Mmp12","positive regulation of innate immune response"
"GO:1902107","positive regulation of leukocyte differentiation",223,4,0.0179372197309417,3.39356370350831,2.6168543779735,0.0308848755814413,0.145273703370168,"Gata3,Ada,Ccl9,Itgam","positive regulation of leukocyte differentiation"
"GO:1903708","positive regulation of hemopoiesis",223,4,0.0179372197309417,3.39356370350831,2.6168543779735,0.0308848755814413,0.145273703370168,"Gata3,Ada,Ccl9,Itgam","positive regulation of hemopoiesis"
"GO:0001774","microglial cell activation",52,2,0.0384615384615385,7.27658371040724,3.30260188754197,0.0309590728016508,0.145273703370168,"Itgam,C5ar1","microglial cell activation"
"GO:0003197","endocardial cushion development",52,2,0.0384615384615385,7.27658371040724,3.30260188754197,0.0309590728016508,0.145273703370168,"Thbs1,Isl1","endocardial cushion development"
"GO:0032715","negative regulation of interleukin-6 production",52,2,0.0384615384615385,7.27658371040724,3.30260188754197,0.0309590728016508,0.145273703370168,"Cd84,C5ar2","negative regulation of interleukin-6 production"
"GO:0019218","regulation of steroid metabolic process",130,3,0.0230769230769231,4.36595022624434,2.80460179688352,0.0317886478489376,0.147113842990557,"Dgat2,Apoa1,Ggcx","regulation of steroid metabolic process"
"GO:0002686","negative regulation of leukocyte migration",53,2,0.0377358490566038,7.13928967813541,3.26133750527142,0.0320637606146768,0.14753910419982,"Ada,C5ar2","negative regulation of leukocyte migration"
"GO:0043094","metabolic compound salvage",53,2,0.0377358490566038,7.13928967813541,3.26133750527142,0.0320637606146768,0.14753910419982,"Ada,Bhmt","metabolic compound salvage"
"GO:0046365","monosaccharide catabolic process",53,2,0.0377358490566038,7.13928967813541,3.26133750527142,0.0320637606146768,0.14753910419982,"Pfkl,Glb1","monosaccharide catabolic process"
"GO:0048265","response to pain",53,2,0.0377358490566038,7.13928967813541,3.26133750527142,0.0320637606146768,0.14753910419982,"Scn10a,Thbs1","response to pain"
"GO:0051048","negative regulation of secretion",226,4,0.0176991150442478,3.34851639770953,2.58496990588257,0.0322067293930011,0.14798555688282,"Ada,Pfkl,Cd84,Ggcx","negative regulation of secretion"
"GO:0002688","regulation of leukocyte chemotaxis",131,3,0.0229007633587786,4.33262236192187,2.78754621692454,0.0324114798110986,0.148081385066026,"Thbs1,C5ar1,C5ar2","regulation of leukocyte chemotaxis"
"GO:0035249","synaptic transmission, glutamatergic",131,3,0.0229007633587786,4.33262236192187,2.78754621692454,0.0324114798110986,0.148081385066026,"Cnih3,Slc17a6,Slc17a7","synaptic transmission, glutamatergic"
"GO:0045445","myoblast differentiation",131,3,0.0229007633587786,4.33262236192187,2.78754621692454,0.0324114798110986,0.148081385066026,"Ccl8,Ccl9,Isl1","myoblast differentiation"
"GO:0060079","excitatory postsynaptic potential",131,3,0.0229007633587786,4.33262236192187,2.78754621692454,0.0324114798110986,0.148081385066026,"Dmpk,Sv2c,Slc17a7","excitatory postsynaptic potential"
"GO:0033555","multicellular organismal response to stress",132,3,0.0227272727272727,4.29979946524064,2.77066054913593,0.0330406819801633,0.150316435957777,"Scn10a,Thbs1,Slitrk4","multicellular organismal response to stress"
"GO:0060074","synapse maturation",54,2,0.037037037037037,7.00708061002179,3.22113169457679,0.0331838165483246,0.150485744026783,"Nefl,Nrg2","synapse maturation"
"GO:0061756","leukocyte adhesion to vascular endothelial cell",54,2,0.037037037037037,7.00708061002179,3.22113169457679,0.0331838165483246,0.150485744026783,"Add2,Itgam","leukocyte adhesion to vascular endothelial cell"
"GO:0046651","lymphocyte proliferation",336,5,0.0148809523809524,2.81534488795518,2.44160301463644,0.0332647779407231,0.150485744026783,"Ada,Dock2,Itgam,Zc3h12d,Ighm","lymphocyte proliferation"
"GO:0002367","cytokine production involved in immune response",133,3,0.0225563909774436,4.26747014595312,2.75394168226034,0.0336762447305738,0.151707950038011,"Gata3,Apoa1,Cd226","cytokine production involved in immune response"
"GO:0002718","regulation of cytokine production involved in immune response",133,3,0.0225563909774436,4.26747014595312,2.75394168226034,0.0336762447305738,0.151707950038011,"Gata3,Apoa1,Cd226","regulation of cytokine production involved in immune response"
"GO:0048534","hematopoietic or lymphoid organ development",133,3,0.0225563909774436,4.26747014595312,2.75394168226034,0.0336762447305738,0.151707950038011,"Gata3,Ada,Pdpn","hematopoietic or lymphoid organ development"
"GO:0007520","myoblast fusion",55,2,0.0363636363636364,6.87967914438503,3.18193695566816,0.0343190498823615,0.153743615676059,"Ccl8,Dock2","myoblast fusion"
"GO:0043300","regulation of leukocyte degranulation",55,2,0.0363636363636364,6.87967914438503,3.18193695566816,0.0343190498823615,0.153743615676059,"Itgam,Cd84","regulation of leukocyte degranulation"
"GO:0046189","phenol-containing compound biosynthetic process",55,2,0.0363636363636364,6.87967914438503,3.18193695566816,0.0343190498823615,0.153743615676059,"Gata3,Mfsd12","phenol-containing compound biosynthetic process"
"GO:1900181","negative regulation of protein localization to nucleus",55,2,0.0363636363636364,6.87967914438503,3.18193695566816,0.0343190498823615,0.153743615676059,"Dclk1,Gbp4","negative regulation of protein localization to nucleus"
"GO:0000082","G1/S transition of mitotic cell cycle",231,4,0.0173160173160173,3.27603768780239,2.53300291389302,0.0344827824429025,0.154048602286531,"E2f1,Pdpn,Zc3h12d,Rbbp8","G1/S transition of mitotic cell cycle"
"GO:0017157","regulation of exocytosis",231,4,0.0173160173160173,3.27603768780239,2.53300291389302,0.0344827824429025,0.154048602286531,"Rab3c,Itgam,Cd84,Sv2c","regulation of exocytosis"
"GO:1901987","regulation of cell cycle phase transition",458,6,0.0131004366812227,2.47848702799897,2.32724591073728,0.0351082630511656,0.154160320490682,"Susd2,E2f1,Pdpn,Zc3h12d,Rbbp8,Clspn","regulation of cell cycle phase transition"
"GO:0002269","leukocyte activation involved in inflammatory response",56,2,0.0357142857142857,6.75682773109244,3.14370874831063,0.0354692714569981,0.154160320490682,"Itgam,C5ar1","leukocyte activation involved in inflammatory response"
"GO:0001952","regulation of cell-matrix adhesion",136,3,0.0220588235294118,4.17333477508651,2.70475596482768,0.0356209933696537,0.154160320490682,"Thbs1,Rhod,Mmp12","regulation of cell-matrix adhesion"
"GO:0018958","phenol-containing compound metabolic process",136,3,0.0220588235294118,4.17333477508651,2.70475596482768,0.0356209933696537,0.154160320490682,"Gata3,Itgam,Mfsd12","phenol-containing compound metabolic process"
"GO:0050829","defense response to Gram-negative bacterium",136,3,0.0220588235294118,4.17333477508651,2.70475596482768,0.0356209933696537,0.154160320490682,"Ltf,Lyz1,Ighm","defense response to Gram-negative bacterium"
"GO:0032943","mononuclear cell proliferation",343,5,0.0145772594752187,2.75788886983365,2.38915656014408,0.0358572183079385,0.154160320490682,"Ada,Dock2,Itgam,Zc3h12d,Ighm","mononuclear cell proliferation"
"GO:1902622","regulation of neutrophil migration",57,2,0.0350877192982456,6.63828689370485,3.10640525812875,0.0366342936619229,0.154854409297971,"C5ar1,C5ar2","regulation of neutrophil migration"
"GO:0001910","regulation of leukocyte mediated cytotoxicity",138,3,0.0217391304347826,4.11285166240409,2.67274595005592,0.0369490985605079,0.155980401655827,"Itgam,Cd226,Raet1d","regulation of leukocyte mediated cytotoxicity"
"GO:1901990","regulation of mitotic cell cycle phase transition",346,5,0.0144508670520231,2.73397653859232,2.36708068523141,0.0370054748404488,0.156013919451683,"E2f1,Pdpn,Zc3h12d,Rbbp8,Clspn","regulation of mitotic cell cycle phase transition"
"GO:0002237","response to molecule of bacterial origin",465,6,0.0129032258064516,2.44117647058824,2.2861031023264,0.0373620396740798,0.157031988336332,"Cd68,E2f1,Ltf,Cd84,C5ar1,Cd300lb","response to molecule of bacterial origin"
"GO:0009100","glycoprotein metabolic process",347,5,0.0144092219020173,2.72609764366842,2.35977419182203,0.0373932117522404,0.157031988336332,"Galnt14,Gusb,Galnt12,Glb1,Mmp12","glycoprotein metabolic process"
"GO:0031640","killing of cells of another organism",139,3,0.0215827338129496,4.08326280152349,2.65696687454702,0.0376225974377032,0.157379722528366,"Ccl8,Ltf,Lyz1","killing of cells of another organism"
"GO:0141061","disruption of cell in another organism",139,3,0.0215827338129496,4.08326280152349,2.65696687454702,0.0376225974377032,0.157379722528366,"Ccl8,Ltf,Lyz1","disruption of cell in another organism"
"GO:0001706","endoderm formation",58,2,0.0344827586206897,6.52383367139959,3.06998718510888,0.0378139304254069,0.157770297798233,"Col5a2,Dusp5","endoderm formation"
"GO:0098586","cellular response to virus",58,2,0.0344827586206897,6.52383367139959,3.06998718510888,0.0378139304254069,0.157770297798233,"Pou2af1,Mmp12","cellular response to virus"
"GO:0002455","humoral immune response mediated by circulating immunoglobulin",59,2,0.0338983050847458,6.41326021934197,3.03441755184807,0.0390079972034787,0.161913349217017,"Ighm,Igha","humoral immune response mediated by circulating immunoglobulin"
"GO:0010718","positive regulation of epithelial to mesenchymal transition",59,2,0.0338983050847458,6.41326021934197,3.03441755184807,0.0390079972034787,0.161913349217017,"Pdpn,Isl1","positive regulation of epithelial to mesenchymal transition"
"GO:0044818","mitotic G2/M transition checkpoint",59,2,0.0338983050847458,6.41326021934197,3.03441755184807,0.0390079972034787,0.161913349217017,"Rbbp8,Clspn","mitotic G2/M transition checkpoint"
"GO:0071825","protein-lipid complex organization",59,2,0.0338983050847458,6.41326021934197,3.03441755184807,0.0390079972034787,0.161913349217017,"Sh3gl2,Apoa1","protein-lipid complex organization"
"GO:0090181","regulation of cholesterol metabolic process",60,2,0.0333333333333333,6.30637254901961,2.99966152940508,0.0402163109691701,0.162784784305526,"Dgat2,Apoa1","regulation of cholesterol metabolic process"
"GO:0030900","forebrain development",477,6,0.0125786163522013,2.37976322604514,2.21727260295125,0.0414377699253829,0.162784784305526,"Nefl,E2f1,Dclk1,Pianp,Itgam,Isl1","forebrain development"
"GO:1990090","cellular response to nerve growth factor stimulus",61,2,0.0327868852459016,6.2029893924783,2.96568627887382,0.0414386902018307,0.162784784305526,"E2f1,Sh3gl2","cellular response to nerve growth factor stimulus"
"GO:0002833","positive regulation of response to biotic stimulus",478,6,0.0125523012552301,2.37478464189023,2.21163041933569,0.0417896197528009,0.16328997190947,"Slc15a3,Gusb,Ltf,Tlr13,Cd226,Mmp12","positive regulation of response to biotic stimulus"
"GO:0098656","monoatomic anion transmembrane transport",145,3,0.0206896551724138,3.91430020283976,2.56529551495782,0.0417950133337741,0.16328997190947,"Slc4a7,Slc17a6,Slc17a7","monoatomic anion transmembrane transport"
"GO:0048511","rhythmic process",358,5,0.0139664804469274,2.64233486690766,2.28106520503402,0.0418237276700754,0.16328997190947,"Ada,Per3,Scn10a,Per2,Nfil3","rhythmic process"
"GO:0043542","endothelial cell migration",247,4,0.0161943319838057,3.06382472017147,2.37578882078843,0.0423819776574237,0.165069347079277,"Fap,Gata3,Apoa1,Thbs1","endothelial cell migration"
"GO:0002449","lymphocyte mediated immunity",480,6,0.0125,2.36488970588235,2.20038821680482,0.0424989881302231,0.165177030202154,"Gata3,Cd2,Cd226,Ighm,Raet1d,Igha","lymphocyte mediated immunity"
"GO:0099565","chemical synaptic transmission, postsynaptic",146,3,0.0205479452054795,3.88748992747784,2.55049518215966,0.0425121881519979,0.165177030202154,"Dmpk,Sv2c,Slc17a7","chemical synaptic transmission, postsynaptic"
"GO:0061900","glial cell activation",62,2,0.032258064516129,6.10294117647059,2.93246080702737,0.0426749548765132,0.165410384665763,"Itgam,C5ar1","glial cell activation"
"GO:0150052","regulation of postsynapse assembly",62,2,0.032258064516129,6.10294117647059,2.93246080702737,0.0426749548765132,0.165410384665763,"Dclk1,Cc2d1a","regulation of postsynapse assembly"
"GO:0046394","carboxylic acid biosynthetic process",361,5,0.0138504155124654,2.62037640540981,2.26011044466175,0.0430849361509824,0.166645329795108,"E2f1,Cth,Elovl3,Per2,Bhmt","carboxylic acid biosynthetic process"
"GO:0002685","regulation of leukocyte migration",249,4,0.0160642570281124,3.03921568627451,2.35703715029921,0.0434355100221146,0.167551829678121,"Ada,Thbs1,C5ar1,C5ar2","regulation of leukocyte migration"
"GO:0002822","regulation of adaptive immune response based on somatic recombination of immune receptors built from immunoglobulin superfamily domains",249,4,0.0160642570281124,3.03921568627451,2.35703715029921,0.0434355100221146,0.167551829678121,"Gata3,Ada,Cd226,Raet1d","regulation of adaptive immune response based on somatic recombination of immune receptors built from immunoglobulin superfamily domains"
"GO:0007140","male meiotic nuclear division",63,2,0.0317460317460317,6.00606909430439,2.89995583457791,0.0439249264534255,0.168384627133814,"Dnmt3l,Spo11","male meiotic nuclear division"
"GO:1900024","regulation of substrate adhesion-dependent cell spreading",63,2,0.0317460317460317,6.00606909430439,2.89995583457791,0.0439249264534255,0.168384627133814,"Pdpn,Apoa1","regulation of substrate adhesion-dependent cell spreading"
"GO:1901607","alpha-amino acid biosynthetic process",63,2,0.0317460317460317,6.00606909430439,2.89995583457791,0.0439249264534255,0.168384627133814,"Cth,Bhmt","alpha-amino acid biosynthetic process"
"GO:0040013","negative regulation of locomotion",363,5,0.0137741046831956,2.60593906984281,2.24625805159779,0.043938390187385,0.168384627133814,"Gata3,Ada,Ptgr1,Thbs1,C5ar2","negative regulation of locomotion"
"GO:0050852","T cell receptor signaling pathway",148,3,0.0202702702702703,3.83495627980922,2.52128419229833,0.0439650640855441,0.168384627133814,"Gata3,Ada,Cd226","T cell receptor signaling pathway"
"GO:0061844","antimicrobial humoral immune response mediated by antimicrobial peptide",148,3,0.0202702702702703,3.83495627980922,2.52128419229833,0.0439650640855441,0.168384627133814,"Ccl8,Ccl9,Ltf","antimicrobial humoral immune response mediated by antimicrobial peptide"
"GO:0002761","regulation of myeloid leukocyte differentiation",149,3,0.0201342281879195,3.80921831819976,2.50686930026573,0.0447007332200955,0.16897391620496,"Ccl9,Itgam,Ltf","regulation of myeloid leukocyte differentiation"
"GO:0030100","regulation of endocytosis",365,5,0.0136986301369863,2.59165995165189,2.23249817600605,0.0448019795945576,0.16897391620496,"Dock2,Sh3gl2,Apoa1,Slc17a7,Ighm","regulation of endocytosis"
"GO:0048880","sensory system development",487,6,0.0123203285420945,2.33089745138302,2.16147598771488,0.0450415236868658,0.16897391620496,"Gata3,Slc4a7,Col5a2,Slc17a6,Itgam,Isl1","sensory system development"
"GO:0006909","phagocytosis",252,4,0.0158730158730159,3.00303454715219,2.32925946230027,0.0450433662901925,0.16897391620496,"Dock2,Itgam,Apoa1,Thbs1","phagocytosis"
"GO:0032615","interleukin-12 production",64,2,0.03125,5.91222426470588,2.86814367576873,0.0451884278674527,0.16897391620496,"Thbs1,Isl1","interleukin-12 production"
"GO:0032655","regulation of interleukin-12 production",64,2,0.03125,5.91222426470588,2.86814367576873,0.0451884278674527,0.16897391620496,"Thbs1,Isl1","regulation of interleukin-12 production"
"GO:1990089","response to nerve growth factor",64,2,0.03125,5.91222426470588,2.86814367576873,0.0451884278674527,0.16897391620496,"E2f1,Sh3gl2","response to nerve growth factor"
"GO:0016053","organic acid biosynthetic process",366,5,0.0136612021857923,2.58457891353263,2.22565255371662,0.0452375791577915,0.16897391620496,"E2f1,Cth,Elovl3,Per2,Bhmt","organic acid biosynthetic process"
"GO:0002440","production of molecular mediator of immune response",254,4,0.015748031496063,2.97938860583604,2.31096904926896,0.0461336322106675,0.16897391620496,"Gata3,Apoa1,Cd226,Ighm","production of molecular mediator of immune response"
"GO:0002474","antigen processing and presentation of peptide antigen via MHC class I",65,2,0.0307692307692308,5.82126696832579,2.8369981281632,0.0464652835177469,0.16897391620496,"Tapbp,Raet1d","antigen processing and presentation of peptide antigen via MHC class I"
"GO:0006911","phagocytosis, engulfment",65,2,0.0307692307692308,5.82126696832579,2.8369981281632,0.0464652835177469,0.16897391620496,"Itgam,Thbs1","phagocytosis, engulfment"
"GO:0031103","axon regeneration",65,2,0.0307692307692308,5.82126696832579,2.8369981281632,0.0464652835177469,0.16897391620496,"Nefl,Isl1","axon regeneration"
"GO:0032613","interleukin-10 production",65,2,0.0307692307692308,5.82126696832579,2.8369981281632,0.0464652835177469,0.16897391620496,"Cd84,Thbs1","interleukin-10 production"
"GO:0032653","regulation of interleukin-10 production",65,2,0.0307692307692308,5.82126696832579,2.8369981281632,0.0464652835177469,0.16897391620496,"Cd84,Thbs1","regulation of interleukin-10 production"
"GO:0035825","homologous recombination",65,2,0.0307692307692308,5.82126696832579,2.8369981281632,0.0464652835177469,0.16897391620496,"Spo11,Rbbp8","homologous recombination"
"GO:0007611","learning or memory",369,5,0.013550135501355,2.56356607683724,2.20525116569473,0.0465596151828808,0.16897391620496,"Snap25,Pianp,Cc2d1a,Slitrk4,Slc17a7","learning or memory"
"GO:1902105","regulation of leukocyte differentiation",369,5,0.013550135501355,2.56356607683724,2.20525116569473,0.0465596151828808,0.16897391620496,"Gata3,Ada,Ccl9,Itgam,Ltf","regulation of leukocyte differentiation"
"GO:0060047","heart contraction",255,4,0.0156862745098039,2.9677047289504,2.30189096389955,0.0466842701801937,0.169145145388531,"Ada,Dmpk,Scn10a,Isl1","heart contraction"
"GO:0006631","fatty acid metabolic process",493,6,0.0121703853955375,2.30252953108221,2.1286487255802,0.0472951976468848,0.171166102944512,"Ptgr1,Pdpn,Dgat2,Elovl3,Pm20d1,Per2","fatty acid metabolic process"
"GO:0002460","adaptive immune response based on somatic recombination of immune receptors built from immunoglobulin superfamily domains",494,6,0.0121457489878543,2.2978685401286,2.1232236614435,0.0476775128581129,0.171291629541239,"Gata3,Ada,Cd226,Ighm,Raet1d,Igha","adaptive immune response based on somatic recombination of immune receptors built from immunoglobulin superfamily domains"
"GO:0031341","regulation of cell killing",153,3,0.0196078431372549,3.709630911188,2.45043324881505,0.0477045612367427,0.171291629541239,"Itgam,Cd226,Raet1d","regulation of cell killing"
"GO:0006584","catecholamine metabolic process",66,2,0.0303030303030303,5.73306595365419,2.8064943716245,0.0477553192573838,0.171291629541239,"Gata3,Itgam","catecholamine metabolic process"
"GO:0006956","complement activation",66,2,0.0303030303030303,5.73306595365419,2.8064943716245,0.0477553192573838,0.171291629541239,"Ighm,Igha","complement activation"
"GO:0009712","catechol-containing compound metabolic process",66,2,0.0303030303030303,5.73306595365419,2.8064943716245,0.0477553192573838,0.171291629541239,"Gata3,Itgam","catechol-containing compound metabolic process"
"GO:0019228","neuronal action potential",66,2,0.0303030303030303,5.73306595365419,2.8064943716245,0.0477553192573838,0.171291629541239,"Scn10a,Dpp6","neuronal action potential"
"GO:0043030","regulation of macrophage activation",66,2,0.0303030303030303,5.73306595365419,2.8064943716245,0.0477553192573838,0.171291629541239,"Cd84,Thbs1","regulation of macrophage activation"
"GO:0045058","T cell selection",66,2,0.0303030303030303,5.73306595365419,2.8064943716245,0.0477553192573838,0.171291629541239,"Gata3,Dock2","T cell selection"
"GO:0035270","endocrine system development",154,3,0.0194805194805195,3.68554239877769,2.43662046201115,0.0484707191799783,0.173664278619255,"Gata3,Apoa1,Isl1","endocrine system development"
"GO:0006693","prostaglandin metabolic process",67,2,0.0298507462686567,5.64749780509219,2.77660887559323,0.0490583623830871,0.174991124292274,"Ptgr1,Pdpn","prostaglandin metabolic process"
"GO:0010812","negative regulation of cell-substrate adhesion",67,2,0.0298507462686567,5.64749780509219,2.77660887559323,0.0490583623830871,0.174991124292274,"Thbs1,Mmp12","negative regulation of cell-substrate adhesion"
"GO:0050854","regulation of antigen receptor-mediated signaling pathway",67,2,0.0298507462686567,5.64749780509219,2.77660887559323,0.0490583623830871,0.174991124292274,"Ada,Cd226","regulation of antigen receptor-mediated signaling pathway"
"GO:1903053","regulation of extracellular matrix organization",67,2,0.0298507462686567,5.64749780509219,2.77660887559323,0.0490583623830871,0.174991124292274,"Fap,Pdpn","regulation of extracellular matrix organization"
"GO:0141060","disruption of anatomical structure in another organism",155,3,0.0193548387096774,3.66176470588235,2.42292245522316,0.0492429215604635,0.175455144188333,"Ccl8,Ltf,Lyz1","disruption of anatomical structure in another organism"
