"Subset","Detail"
"Shared","Ddx18"
"Shared","Mtmr4"
"Shared","Kdm6b"
"Shared","Rwdd1"
"Shared","Mmp28"
"Shared","Nr1d1"
"Shared","Acly"
"Shared","Tkt"
"Shared","App"
"Shared","Gps2"
"Shared","Bag6"
"Shared","Gaa"
"Shared","Eif5b"
"Shared","Gpatch4"
"Shared","Dnajc6"
"Shared","Hspg2"
"Shared","Casp9"
"Shared","Mmab"
"Shared","Gnao1"
"Shared","Rp9"
"Shared","Cyp1a1"
"Shared","Pdxk"
"Shared","Rpap1"
"Shared","Chchd4"
"Shared","Ccl5"
"Shared","Mbnl3"
"Shared","Bahcc1"
"Shared","Tcf20"
"Shared","Elmsan1"
"Shared","Fam89a"
"Shared","Insig1"
"Shared","Esf1"
"Shared","Gpr156"
"Shared","Zfp280b"
"Shared","Ubqln2"
"Shared","Sez6l"
"Shared","Fam133b"
"Shared","Gm1141"
"Shared","Gm12346"
"Shared","Gm15666"
"Shared","Fam205a2_ENSMUSG00000094066"
"Shared","Gm10851"
"Shared","Gm33320"
"Shared","Pcdha4"
"Shared","Gm43361"
"Shared","Gm40309"
"Shared","Gm45869"
"Shared","Gm48582"
"Shared","D730044K07Rik"
"KDIvsSD_KDI_EXvsSD","Trappc10"
"KDIvsSD_KDI_EXvsSD","Rarg"
"KDIvsSD_KDI_EXvsSD","Nup214"
"KDIvsSD_KDI_EXvsSD","Supt6"
"KDIvsSD_KDI_EXvsSD","Peg3"
"KDIvsSD_KDI_EXvsSD","Zim1"
"KDIvsSD_KDI_EXvsSD","Ciao3"
"KDIvsSD_KDI_EXvsSD","Etv3"
"KDIvsSD_KDI_EXvsSD","Hlf"
"KDIvsSD_KDI_EXvsSD","Atn1"
"KDIvsSD_KDI_EXvsSD","Asf1b"
"KDIvsSD_KDI_EXvsSD","Ddx39"
"KDIvsSD_KDI_EXvsSD","Adcy9"
"KDIvsSD_KDI_EXvsSD","Pcyt1a"
"KDIvsSD_KDI_EXvsSD","Ncoa2"
"KDIvsSD_KDI_EXvsSD","Itgae"
"KDIvsSD_KDI_EXvsSD","Fxyd5"
"KDIvsSD_KDI_EXvsSD","Srp19"
"KDIvsSD_KDI_EXvsSD","Gtf3a"
"KDIvsSD_KDI_EXvsSD","Pip4k2b"
"KDIvsSD_KDI_EXvsSD","Tbx3"
"KDIvsSD_KDI_EXvsSD","Sp2"
"KDIvsSD_KDI_EXvsSD","Dync1h1"
"KDIvsSD_KDI_EXvsSD","Ccar1"
"KDIvsSD_KDI_EXvsSD","Sptbn1"
"KDIvsSD_KDI_EXvsSD","Kremen1"
"KDIvsSD_KDI_EXvsSD","Rnf144a"
"KDIvsSD_KDI_EXvsSD","Atp2a3"
"KDIvsSD_KDI_EXvsSD","Clmn"
"KDIvsSD_KDI_EXvsSD","Pcnx"
"KDIvsSD_KDI_EXvsSD","Gpatch2l"
"KDIvsSD_KDI_EXvsSD","Nr1d2"
"KDIvsSD_KDI_EXvsSD","Pdzd2"
"KDIvsSD_KDI_EXvsSD","Asap1"
"KDIvsSD_KDI_EXvsSD","Tef"
"KDIvsSD_KDI_EXvsSD","Zc3h7b"
"KDIvsSD_KDI_EXvsSD","Tnk2"
"KDIvsSD_KDI_EXvsSD","Cdca3"
"KDIvsSD_KDI_EXvsSD","Abca3"
"KDIvsSD_KDI_EXvsSD","Nudt12"
"KDIvsSD_KDI_EXvsSD","Mapre2"
"KDIvsSD_KDI_EXvsSD","Thoc1"
"KDIvsSD_KDI_EXvsSD","Gnal"
"KDIvsSD_KDI_EXvsSD","Lrrc45"
"KDIvsSD_KDI_EXvsSD","Fasn"
"KDIvsSD_KDI_EXvsSD","Smarcc2"
"KDIvsSD_KDI_EXvsSD","Ptpn14"
"KDIvsSD_KDI_EXvsSD","Dusp12"
"KDIvsSD_KDI_EXvsSD","Abl1"
"KDIvsSD_KDI_EXvsSD","Slc12a6"
"KDIvsSD_KDI_EXvsSD","Hypk"
"KDIvsSD_KDI_EXvsSD","Tpx2"
"KDIvsSD_KDI_EXvsSD","Atp9a"
"KDIvsSD_KDI_EXvsSD","Acss2"
"KDIvsSD_KDI_EXvsSD","Nbea"
"KDIvsSD_KDI_EXvsSD","Ash1l"
"KDIvsSD_KDI_EXvsSD","Lrba"
"KDIvsSD_KDI_EXvsSD","Fmo5"
"KDIvsSD_KDI_EXvsSD","Rprd2"
"KDIvsSD_KDI_EXvsSD","F3"
"KDIvsSD_KDI_EXvsSD","Nol6"
"KDIvsSD_KDI_EXvsSD","Ubap2"
"KDIvsSD_KDI_EXvsSD","Tln1"
"KDIvsSD_KDI_EXvsSD","Wasf2"
"KDIvsSD_KDI_EXvsSD","Ran"
"KDIvsSD_KDI_EXvsSD","Vps33a"
"KDIvsSD_KDI_EXvsSD","Ankle2"
"KDIvsSD_KDI_EXvsSD","Snx8"
"KDIvsSD_KDI_EXvsSD","Ssbp1"
"KDIvsSD_KDI_EXvsSD","Bhlhe40"
"KDIvsSD_KDI_EXvsSD","Klrd1"
"KDIvsSD_KDI_EXvsSD","Atf7ip"
"KDIvsSD_KDI_EXvsSD","Gys2"
"KDIvsSD_KDI_EXvsSD","Abcc9"
"KDIvsSD_KDI_EXvsSD","Rad51ap1"
"KDIvsSD_KDI_EXvsSD","Mki67"
"KDIvsSD_KDI_EXvsSD","Chrdl1"
"KDIvsSD_KDI_EXvsSD","Hcfc1"
"KDIvsSD_KDI_EXvsSD","Tnks"
"KDIvsSD_KDI_EXvsSD","Kat6a"
"KDIvsSD_KDI_EXvsSD","Wwc2"
"KDIvsSD_KDI_EXvsSD","Nr3c2"
"KDIvsSD_KDI_EXvsSD","Mbtps1"
"KDIvsSD_KDI_EXvsSD","Pde4c"
"KDIvsSD_KDI_EXvsSD","Dctn1"
"KDIvsSD_KDI_EXvsSD","Taf1d"
"KDIvsSD_KDI_EXvsSD","Ldlr"
"KDIvsSD_KDI_EXvsSD","Zw10"
"KDIvsSD_KDI_EXvsSD","Tfdp2"
"KDIvsSD_KDI_EXvsSD","Me1"
"KDIvsSD_KDI_EXvsSD","Lrrfip2"
"KDIvsSD_KDI_EXvsSD","Amotl2"
"KDIvsSD_KDI_EXvsSD","Kank1"
"KDIvsSD_KDI_EXvsSD","Heyl"
"KDIvsSD_KDI_EXvsSD","Fbxo21"
"KDIvsSD_KDI_EXvsSD","Ptprm"
"KDIvsSD_KDI_EXvsSD","Fem1c"
"KDIvsSD_KDI_EXvsSD","Specc1l"
"KDIvsSD_KDI_EXvsSD","Fan1"
"KDIvsSD_KDI_EXvsSD","B3galt2"
"KDIvsSD_KDI_EXvsSD","Aspm"
"KDIvsSD_KDI_EXvsSD","Nek9"
"KDIvsSD_KDI_EXvsSD","Iqsec1"
"KDIvsSD_KDI_EXvsSD","Mtmr3"
"KDIvsSD_KDI_EXvsSD","Synrg"
"KDIvsSD_KDI_EXvsSD","Secisbp2"
"KDIvsSD_KDI_EXvsSD","Thrsp"
"KDIvsSD_KDI_EXvsSD","Ska1"
"KDIvsSD_KDI_EXvsSD","Kidins220"
"KDIvsSD_KDI_EXvsSD","Bcorl1"
"KDIvsSD_KDI_EXvsSD","Fer1l5"
"KDIvsSD_KDI_EXvsSD","Rapgef6"
"KDIvsSD_KDI_EXvsSD","Cldn11"
"KDIvsSD_KDI_EXvsSD","Vps13b"
"KDIvsSD_KDI_EXvsSD","Ckap2"
"KDIvsSD_KDI_EXvsSD","Wdr19"
"KDIvsSD_KDI_EXvsSD","Phf2"
"KDIvsSD_KDI_EXvsSD","Ttk"
"KDIvsSD_KDI_EXvsSD","Ciart"
"KDIvsSD_KDI_EXvsSD","Akap12"
"KDIvsSD_KDI_EXvsSD","Kdm3b"
"KDIvsSD_KDI_EXvsSD","Kat7"
"KDIvsSD_KDI_EXvsSD","Prrc2b"
"KDIvsSD_KDI_EXvsSD","Tnfsf10"
"KDIvsSD_KDI_EXvsSD","Wdr70"
"KDIvsSD_KDI_EXvsSD","Epg5"
"KDIvsSD_KDI_EXvsSD","Klhdc4"
"KDIvsSD_KDI_EXvsSD","Cul9"
"KDIvsSD_KDI_EXvsSD","Bcor"
"KDIvsSD_KDI_EXvsSD","Zfp609"
"KDIvsSD_KDI_EXvsSD","Wdr7"
"KDIvsSD_KDI_EXvsSD","Ppp1r13l"
"KDIvsSD_KDI_EXvsSD","Spen"
"KDIvsSD_KDI_EXvsSD","Sft2d2"
"KDIvsSD_KDI_EXvsSD","Bsdc1"
"KDIvsSD_KDI_EXvsSD","Rnf123"
"KDIvsSD_KDI_EXvsSD","Wipi1"
"KDIvsSD_KDI_EXvsSD","Tnfrsf14"
"KDIvsSD_KDI_EXvsSD","Arel1"
"KDIvsSD_KDI_EXvsSD","Wdfy3"
"KDIvsSD_KDI_EXvsSD","Gpr146"
"KDIvsSD_KDI_EXvsSD","Phlpp1"
"KDIvsSD_KDI_EXvsSD","Slc15a5"
"KDIvsSD_KDI_EXvsSD","Cyb5d1"
"KDIvsSD_KDI_EXvsSD","Ckap2l"
"KDIvsSD_KDI_EXvsSD","Pdp2"
"KDIvsSD_KDI_EXvsSD","Zfp407"
"KDIvsSD_KDI_EXvsSD","Zfpm1"
"KDIvsSD_KDI_EXvsSD","Rasl11b"
"KDIvsSD_KDI_EXvsSD","Usp29"
"KDIvsSD_KDI_EXvsSD","B3gnt2"
"KDIvsSD_KDI_EXvsSD","Adnp2"
"KDIvsSD_KDI_EXvsSD","Skp2"
"KDIvsSD_KDI_EXvsSD","Nfic"
"KDIvsSD_KDI_EXvsSD","Soga1"
"KDIvsSD_KDI_EXvsSD","Fto"
"KDIvsSD_KDI_EXvsSD","A430033K04Rik"
"KDIvsSD_KDI_EXvsSD","Nfil3"
"KDIvsSD_KDI_EXvsSD","Arhgap35"
"KDIvsSD_KDI_EXvsSD","Dock1"
"KDIvsSD_KDI_EXvsSD","Cxcl2"
"KDIvsSD_KDI_EXvsSD","Igf1os"
"KDIvsSD_KDI_EXvsSD","Vwa8"
"KDIvsSD_KDI_EXvsSD","Zc3h4"
"KDIvsSD_KDI_EXvsSD","Arhgef12"
"KDIvsSD_KDI_EXvsSD","Nkapd1"
"KDIvsSD_KDI_EXvsSD","Dbp"
"KDIvsSD_KDI_EXvsSD","Ap2a1"
"KDIvsSD_KDI_EXvsSD","Stx17"
"KDIvsSD_KDI_EXvsSD","Cks2"
"KDIvsSD_KDI_EXvsSD","Phactr2"
"KDIvsSD_KDI_EXvsSD","Adamtsl1"
"KDIvsSD_KDI_EXvsSD","Mup3"
"KDIvsSD_KDI_EXvsSD","Sort1"
"KDIvsSD_KDI_EXvsSD","Ahnak"
"KDIvsSD_KDI_EXvsSD","Cplane2"
"KDIvsSD_KDI_EXvsSD","Osgin1"
"KDIvsSD_KDI_EXvsSD","Zfp791"
"KDIvsSD_KDI_EXvsSD","Mex3a"
"KDIvsSD_KDI_EXvsSD","Eif2s2"
"KDIvsSD_KDI_EXvsSD","Ctdsp2"
"KDIvsSD_KDI_EXvsSD","Cyp4v3"
"KDIvsSD_KDI_EXvsSD","Gm2223"
"KDIvsSD_KDI_EXvsSD","Gm12098"
"KDIvsSD_KDI_EXvsSD","Gm15963"
"KDIvsSD_KDI_EXvsSD","Prr22"
"KDIvsSD_KDI_EXvsSD","Gon7"
"KDIvsSD_KDI_EXvsSD","Hist1h2ap"
"KDIvsSD_KDI_EXvsSD","Cep83os"
"KDIvsSD_KDI_EXvsSD","9530026P05Rik"
"KDIvsSD_KDI_EXvsSD","2810039B14Rik"
"KDIvsSD_KDI_EXvsSD","Pcdhga10"
"KDIvsSD_KDI_EXvsSD","Gm37790"
"KDIvsSD_KDI_EXvsSD","Pcdhga1"
"KDIvsSD_KDI_EXvsSD","E230020A03Rik"
"KDIvsSD_KDI_EXvsSD","Gm43359"
"KDIvsSD_KDI_EXvsSD","Peg13"
"KDIvsSD_KDI_EXvsSD","Gm44439"
"KDIvsSD_KDI_EXvsSD","Gm44530"
"KDIvsSD_KDI_EXvsSD","Gm45640"
"KDIvsSD_KDI_EXvsSD","Gm45292"
"KDIvsSD_KDI_EXvsSD","Gm9247"
"KDIvsSD_KDI_EXvsSD","Gm29686"
"EXvsSD_KDI_EXvsSD","Klf6"
"EXvsSD_KDI_EXvsSD","Sync"
"EXvsSD_KDI_EXvsSD","Nfix"
"EXvsSD_KDI_EXvsSD","Plin4"
"EXvsSD_KDI_EXvsSD","Kpna6"
"EXvsSD_KDI_EXvsSD","Pou1f1"
"EXvsSD_KDI_EXvsSD","Rfx5"
"EXvsSD_KDI_EXvsSD","Nolc1"
"EXvsSD_KDI_EXvsSD","Tube1"
"EXvsSD_KDI_EXvsSD","Cry1"
"EXvsSD_KDI_EXvsSD","Dus4l"
"EXvsSD_KDI_EXvsSD","Nemf"
"EXvsSD_KDI_EXvsSD","Ippk"
"EXvsSD_KDI_EXvsSD","Wnt5a"
"EXvsSD_KDI_EXvsSD","Wbp4"
"EXvsSD_KDI_EXvsSD","Arsa"
"EXvsSD_KDI_EXvsSD","Adcy5"
"EXvsSD_KDI_EXvsSD","Tra2b"
"EXvsSD_KDI_EXvsSD","Slc11a2"
"EXvsSD_KDI_EXvsSD","Agpat4"
"EXvsSD_KDI_EXvsSD","Gpam"
"EXvsSD_KDI_EXvsSD","Loxl4"
"EXvsSD_KDI_EXvsSD","Gbf1"
"EXvsSD_KDI_EXvsSD","Clns1a"
"EXvsSD_KDI_EXvsSD","Zc3h15"
"EXvsSD_KDI_EXvsSD","Larp7"
"EXvsSD_KDI_EXvsSD","Arhgef2"
"EXvsSD_KDI_EXvsSD","Mtor"
"EXvsSD_KDI_EXvsSD","Dnajc2"
"EXvsSD_KDI_EXvsSD","Pcdh7"
"EXvsSD_KDI_EXvsSD","Sspn"
"EXvsSD_KDI_EXvsSD","Pglyrp1"
"EXvsSD_KDI_EXvsSD","Rbmx2"
"EXvsSD_KDI_EXvsSD","Aff2"
"EXvsSD_KDI_EXvsSD","Tnpo2"
"EXvsSD_KDI_EXvsSD","Ip6k2"
"EXvsSD_KDI_EXvsSD","Recql4"
"EXvsSD_KDI_EXvsSD","Gipc3"
"EXvsSD_KDI_EXvsSD","Sec31a"
"EXvsSD_KDI_EXvsSD","Arhgap21"
"EXvsSD_KDI_EXvsSD","Gch1"
"EXvsSD_KDI_EXvsSD","Man2a2"
"EXvsSD_KDI_EXvsSD","Abhd2"
"EXvsSD_KDI_EXvsSD","Cc2d2a"
"EXvsSD_KDI_EXvsSD","Mettl27"
"EXvsSD_KDI_EXvsSD","Ramp3"
"EXvsSD_KDI_EXvsSD","Ankrd42"
"EXvsSD_KDI_EXvsSD","Arsb"
"EXvsSD_KDI_EXvsSD","Nhlrc3"
"EXvsSD_KDI_EXvsSD","Teddm1b"
"EXvsSD_KDI_EXvsSD","Rai2"
"EXvsSD_KDI_EXvsSD","Slc35g1"
"EXvsSD_KDI_EXvsSD","Efcab8"
"EXvsSD_KDI_EXvsSD","Zfp423"
"EXvsSD_KDI_EXvsSD","Dipk2a"
"EXvsSD_KDI_EXvsSD","Zfp454"
"EXvsSD_KDI_EXvsSD","Armcx4"
"EXvsSD_KDI_EXvsSD","Synpo2"
"EXvsSD_KDI_EXvsSD","Zfp867"
"EXvsSD_KDI_EXvsSD","Med12l"
"EXvsSD_KDI_EXvsSD","Tmem154"
"EXvsSD_KDI_EXvsSD","Mpp7"
"EXvsSD_KDI_EXvsSD","Hipk2"
"EXvsSD_KDI_EXvsSD","Stk24"
"EXvsSD_KDI_EXvsSD","Zfyve26"
"EXvsSD_KDI_EXvsSD","Foxd3"
"EXvsSD_KDI_EXvsSD","Ccdc173"
"EXvsSD_KDI_EXvsSD","Arfgef2"
"EXvsSD_KDI_EXvsSD","Gm4204"
"EXvsSD_KDI_EXvsSD","Mphosph8"
"EXvsSD_KDI_EXvsSD","Gm15519"
"EXvsSD_KDI_EXvsSD","BC046401"
"EXvsSD_KDI_EXvsSD","Gm15326"
"EXvsSD_KDI_EXvsSD","D030055H07Rik"
"EXvsSD_KDI_EXvsSD","Npcd"
"EXvsSD_KDI_EXvsSD","Pakap_ENSMUSG00000089945"
"EXvsSD_KDI_EXvsSD","Pcdhgc3"
"EXvsSD_KDI_EXvsSD","Gm42686"
"EXvsSD_KDI_EXvsSD","Gm42640"
"EXvsSD_KDI_EXvsSD","Gm38910"
"EXvsSD_KDI_EXvsSD","Gm36210"
"EXvsSD_KDI_EXvsSD","Gm48231"
"EXvsSD_KDI_EXvsSD","Gm49767"
"EXvsSD_KDI_EXvsSD","Ntn3"
"EXvsSD_KDI_EXvsSD","Gm49987"
"KDI_EXvsSD","Fer"
"KDI_EXvsSD","Pih1d2"
"KDI_EXvsSD","Mnt"
"KDI_EXvsSD","Galnt1"
"KDI_EXvsSD","Acvr1b"
"KDI_EXvsSD","Top1mt"
"KDI_EXvsSD","Rmnd5b"
"KDI_EXvsSD","Cnn1"
"KDI_EXvsSD","Meox1"
"KDI_EXvsSD","Jup"
"KDI_EXvsSD","Klhl10"
"KDI_EXvsSD","Clpb"
"KDI_EXvsSD","Uba1"
"KDI_EXvsSD","Vwf"
"KDI_EXvsSD","Siae"
"KDI_EXvsSD","Spag5"
"KDI_EXvsSD","Slc39a13"
"KDI_EXvsSD","Gmpr2"
"KDI_EXvsSD","Mdp1"
"KDI_EXvsSD","Golga2"
"KDI_EXvsSD","Scin"
"KDI_EXvsSD","Axl"
"KDI_EXvsSD","Top3a"
"KDI_EXvsSD","Arrdc2"
"KDI_EXvsSD","Dgcr2"
"KDI_EXvsSD","Zfp959"
"KDI_EXvsSD","Fcgrt"
"KDI_EXvsSD","Supt5"
"KDI_EXvsSD","Akt2"
"KDI_EXvsSD","Slc2a9"
"KDI_EXvsSD","Polr2a"
"KDI_EXvsSD","Slc1a3"
"KDI_EXvsSD","Cic"
"KDI_EXvsSD","Por"
"KDI_EXvsSD","Mthfd2"
"KDI_EXvsSD","Bcas2"
"KDI_EXvsSD","Kmt2b"
"KDI_EXvsSD","Mettl1"
"KDI_EXvsSD","Sulf2"
"KDI_EXvsSD","Ap2s1"
"KDI_EXvsSD","Hdac5"
"KDI_EXvsSD","Nf2"
"KDI_EXvsSD","Nprl2"
"KDI_EXvsSD","Nxf1"
"KDI_EXvsSD","2610507B11Rik"
"KDI_EXvsSD","Plin5"
"KDI_EXvsSD","Amotl1"
"KDI_EXvsSD","Chp1"
"KDI_EXvsSD","Anxa9"
"KDI_EXvsSD","Rxra"
"KDI_EXvsSD","Ppfibp1"
"KDI_EXvsSD","Lnx2"
"KDI_EXvsSD","Il10"
"KDI_EXvsSD","Cmah"
"KDI_EXvsSD","C1qtnf1"
"KDI_EXvsSD","Pgs1"
"KDI_EXvsSD","H2bc4"
"KDI_EXvsSD","Zcchc10"
"KDI_EXvsSD","Akap1"
"KDI_EXvsSD","Wnt9b"
"KDI_EXvsSD","Zbtb4"
"KDI_EXvsSD","Rad51d"
"KDI_EXvsSD","Pank3"
"KDI_EXvsSD","Arrb1"
"KDI_EXvsSD","Ptger1"
"KDI_EXvsSD","Qrsl1"
"KDI_EXvsSD","Uhrf1bp1l"
"KDI_EXvsSD","Dusp6"
"KDI_EXvsSD","Sgk1"
"KDI_EXvsSD","Mdm2"
"KDI_EXvsSD","Itk"
"KDI_EXvsSD","Fam114a2"
"KDI_EXvsSD","Srebf1"
"KDI_EXvsSD","Pik3cg"
"KDI_EXvsSD","Rgs9"
"KDI_EXvsSD","Ncoa1"
"KDI_EXvsSD","Adap2"
"KDI_EXvsSD","Nt5c"
"KDI_EXvsSD","Acox1"
"KDI_EXvsSD","Prpf8"
"KDI_EXvsSD","Timm9"
"KDI_EXvsSD","Papln"
"KDI_EXvsSD","Hsp90aa1"
"KDI_EXvsSD","Cdc42bpb"
"KDI_EXvsSD","Kif26a"
"KDI_EXvsSD","Hivep1"
"KDI_EXvsSD","Kif13a"
"KDI_EXvsSD","Snrnp48"
"KDI_EXvsSD","Aopep"
"KDI_EXvsSD","Caml"
"KDI_EXvsSD","Ankra2"
"KDI_EXvsSD","Pde8b"
"KDI_EXvsSD","Dimt1"
"KDI_EXvsSD","Fgf10"
"KDI_EXvsSD","Il6st"
"KDI_EXvsSD","Thrb"
"KDI_EXvsSD","Dlg5"
"KDI_EXvsSD","Bmpr1a"
"KDI_EXvsSD","Bmp4"
"KDI_EXvsSD","Slmap"
"KDI_EXvsSD","Hacl1"
"KDI_EXvsSD","Rcbtb2"
"KDI_EXvsSD","4931414P19Rik"
"KDI_EXvsSD","Zfpm2"
"KDI_EXvsSD","Tbc1d31"
"KDI_EXvsSD","Col14a1"
"KDI_EXvsSD","Bcl6"
"KDI_EXvsSD","Oplah"
"KDI_EXvsSD","Bfar"
"KDI_EXvsSD","Ehhadh"
"KDI_EXvsSD","Robo1"
"KDI_EXvsSD","Parp9"
"KDI_EXvsSD","Itsn1"
"KDI_EXvsSD","Nckap5l"
"KDI_EXvsSD","Racgap1"
"KDI_EXvsSD","Nr4a1"
"KDI_EXvsSD","Calcoco1"
"KDI_EXvsSD","Il15ra"
"KDI_EXvsSD","Tbc1d5"
"KDI_EXvsSD","Prkd3"
"KDI_EXvsSD","Luc7l"
"KDI_EXvsSD","Svil"
"KDI_EXvsSD","Rock1"
"KDI_EXvsSD","Stard4"
"KDI_EXvsSD","Prrc2a"
"KDI_EXvsSD","Lox"
"KDI_EXvsSD","Ptpn2"
"KDI_EXvsSD","Ldlrad4"
"KDI_EXvsSD","Cd6"
"KDI_EXvsSD","Syt7"
"KDI_EXvsSD","Cdc42bpg"
"KDI_EXvsSD","Rcl1"
"KDI_EXvsSD","Kif20b"
"KDI_EXvsSD","Pitpnm1"
"KDI_EXvsSD","Asah2"
"KDI_EXvsSD","Ctsw"
"KDI_EXvsSD","Lrp5"
"KDI_EXvsSD","Rps6ka4"
"KDI_EXvsSD","Pik3ap1"
"KDI_EXvsSD","Chuk"
"KDI_EXvsSD","Fyco1"
"KDI_EXvsSD","Huwe1"
"KDI_EXvsSD","Sat1"
"KDI_EXvsSD","Cdh9"
"KDI_EXvsSD","Baiap2"
"KDI_EXvsSD","Mip"
"KDI_EXvsSD","Paox"
"KDI_EXvsSD","Nop16"
"KDI_EXvsSD","Smad7"
"KDI_EXvsSD","Slc40a1"
"KDI_EXvsSD","Clk1"
"KDI_EXvsSD","Il1r2"
"KDI_EXvsSD","Tmem131"
"KDI_EXvsSD","Smap1"
"KDI_EXvsSD","Capn10"
"KDI_EXvsSD","Mterf4"
"KDI_EXvsSD","Bok"
"KDI_EXvsSD","Cfh"
"KDI_EXvsSD","Ptpn4"
"KDI_EXvsSD","Marco"
"KDI_EXvsSD","Mr1"
"KDI_EXvsSD","Rgl1"
"KDI_EXvsSD","Fam129a"
"KDI_EXvsSD","Kif26b"
"KDI_EXvsSD","Opn3"
"KDI_EXvsSD","Dcaf8"
"KDI_EXvsSD","Ddr2"
"KDI_EXvsSD","Nuf2"
"KDI_EXvsSD","Pigc"
"KDI_EXvsSD","Gbgt1"
"KDI_EXvsSD","Sec16a"
"KDI_EXvsSD","Fcna"
"KDI_EXvsSD","Cat"
"KDI_EXvsSD","Rad51"
"KDI_EXvsSD","Adra1d"
"KDI_EXvsSD","Slc23a2"
"KDI_EXvsSD","Rasgrp1"
"KDI_EXvsSD","Usp8"
"KDI_EXvsSD","Sppl2a"
"KDI_EXvsSD","Bub1"
"KDI_EXvsSD","Zc3h8"
"KDI_EXvsSD","Ttl"
"KDI_EXvsSD","Kat14"
"KDI_EXvsSD","Kif3b"
"KDI_EXvsSD","Dnmt3b"
"KDI_EXvsSD","Fam210b"
"KDI_EXvsSD","Epb41l1"
"KDI_EXvsSD","Gm8325"
"KDI_EXvsSD","Ppid"
"KDI_EXvsSD","Wnt2b"
"KDI_EXvsSD","Lrat"
"KDI_EXvsSD","Depdc1a"
"KDI_EXvsSD","Ndufaf4"
"KDI_EXvsSD","Smc2"
"KDI_EXvsSD","Svep1"
"KDI_EXvsSD","Rad23b"
"KDI_EXvsSD","Bnc2"
"KDI_EXvsSD","Plpp3"
"KDI_EXvsSD","Mycl"
"KDI_EXvsSD","Srsf10"
"KDI_EXvsSD","Nasp"
"KDI_EXvsSD","Atpaf1"
"KDI_EXvsSD","Sema3c"
"KDI_EXvsSD","Hpca"
"KDI_EXvsSD","Sema3a"
"KDI_EXvsSD","Agtrap"
"KDI_EXvsSD","Ski"
"KDI_EXvsSD","Adgra3"
"KDI_EXvsSD","Hgfac"
"KDI_EXvsSD","Klf3"
"KDI_EXvsSD","Nsun7"
"KDI_EXvsSD","Ibsp"
"KDI_EXvsSD","Slc10a6"
"KDI_EXvsSD","Kdm2b"
"KDI_EXvsSD","Ncor2"
"KDI_EXvsSD","Ephb4"
"KDI_EXvsSD","Ahcyl2"
"KDI_EXvsSD","Tra2a"
"KDI_EXvsSD","Fam131b"
"KDI_EXvsSD","Gkn3"
"KDI_EXvsSD","Klrk1"
"KDI_EXvsSD","Klrc1"
"KDI_EXvsSD","Adipor2"
"KDI_EXvsSD","Lrp6"
"KDI_EXvsSD","Cmas"
"KDI_EXvsSD","Mzf1"
"KDI_EXvsSD","Zfp939"
"KDI_EXvsSD","Psd3"
"KDI_EXvsSD","Slc7a10"
"KDI_EXvsSD","Pcsk6"
"KDI_EXvsSD","Tjp1"
"KDI_EXvsSD","Mphosph10"
"KDI_EXvsSD","Slco2b1"
"KDI_EXvsSD","Stx1b"
"KDI_EXvsSD","9130019O22Rik"
"KDI_EXvsSD","Itgal"
"KDI_EXvsSD","Nomo1"
"KDI_EXvsSD","Oat"
"KDI_EXvsSD","Trim21"
"KDI_EXvsSD","Dock11"
"KDI_EXvsSD","Cul4b"
"KDI_EXvsSD","Cacna1f"
"KDI_EXvsSD","Ccdc22"
"KDI_EXvsSD","Cenpi"
"KDI_EXvsSD","Acsl4"
"KDI_EXvsSD","Phka2"
"KDI_EXvsSD","Adgrg2"
"KDI_EXvsSD","Tsc22d3"
"KDI_EXvsSD","Adgra2"
"KDI_EXvsSD","Dusp4"
"KDI_EXvsSD","Klhl2"
"KDI_EXvsSD","Sh3rf1"
"KDI_EXvsSD","Brd7"
"KDI_EXvsSD","St3gal2"
"KDI_EXvsSD","Slc27a1"
"KDI_EXvsSD","Gse1"
"KDI_EXvsSD","Klhl36"
"KDI_EXvsSD","Pdgfd"
"KDI_EXvsSD","Alg9"
"KDI_EXvsSD","Chek1"
"KDI_EXvsSD","Nedd4"
"KDI_EXvsSD","Thsd4"
"KDI_EXvsSD","Clstn2"
"KDI_EXvsSD","Pik3cb"
"KDI_EXvsSD","Ptgs2"
"KDI_EXvsSD","Uba5"
"KDI_EXvsSD","Dnajc13"
"KDI_EXvsSD","Cish"
"KDI_EXvsSD","Tpcn1"
"KDI_EXvsSD","Alas1"
"KDI_EXvsSD","Pkd1"
"KDI_EXvsSD","Rims3"
"KDI_EXvsSD","Dpyd"
"KDI_EXvsSD","Gstt2"
"KDI_EXvsSD","Pdpr"
"KDI_EXvsSD","Akr1c14"
"KDI_EXvsSD","Rbm34"
"KDI_EXvsSD","Zfp944"
"KDI_EXvsSD","Ttc37"
"KDI_EXvsSD","Zfp551"
"KDI_EXvsSD","Cmip"
"KDI_EXvsSD","Rasd2"
"KDI_EXvsSD","Chst11"
"KDI_EXvsSD","Zyg11b"
"KDI_EXvsSD","Zyg11a"
"KDI_EXvsSD","Lrr1"
"KDI_EXvsSD","Hrh2"
"KDI_EXvsSD","Eef2"
"KDI_EXvsSD","Dpp4"
"KDI_EXvsSD","Fam167a"
"KDI_EXvsSD","Brinp3"
"KDI_EXvsSD","Vps13c"
"KDI_EXvsSD","Ccl12"
"KDI_EXvsSD","Emsy"
"KDI_EXvsSD","Fignl1"
"KDI_EXvsSD","Gnptg"
"KDI_EXvsSD","Chrna5"
"KDI_EXvsSD","Kiss1r"
"KDI_EXvsSD","Lysmd3"
"KDI_EXvsSD","Zfp983"
"KDI_EXvsSD","Parp2"
"KDI_EXvsSD","Siah2"
"KDI_EXvsSD","Sbf1"
"KDI_EXvsSD","Cnot1"
"KDI_EXvsSD","Cenpt"
"KDI_EXvsSD","Jmjd4"
"KDI_EXvsSD","Dchs1"
"KDI_EXvsSD","Smad6"
"KDI_EXvsSD","Sik2"
"KDI_EXvsSD","Elf2"
"KDI_EXvsSD","Tacc3"
"KDI_EXvsSD","Bag4"
"KDI_EXvsSD","Dipk2b"
"KDI_EXvsSD","Trmt6"
"KDI_EXvsSD","Tbc1d2b"
"KDI_EXvsSD","Vnn1"
"KDI_EXvsSD","Slc2a12"
"KDI_EXvsSD","Tob1"
"KDI_EXvsSD","Spag1"
"KDI_EXvsSD","Wdtc1"
"KDI_EXvsSD","Gdf7"
"KDI_EXvsSD","Nmrk1"
"KDI_EXvsSD","Dhx38"
"KDI_EXvsSD","Cdon"
"KDI_EXvsSD","Plekhg6"
"KDI_EXvsSD","Fam126b"
"KDI_EXvsSD","Btbd10"
"KDI_EXvsSD","Tapbpl"
"KDI_EXvsSD","Smg6"
"KDI_EXvsSD","Cd160"
"KDI_EXvsSD","Sgsm2"
"KDI_EXvsSD","Scaf1"
"KDI_EXvsSD","Jarid2"
"KDI_EXvsSD","Nfe2l1"
"KDI_EXvsSD","Pkhd1l1"
"KDI_EXvsSD","Kif16b"
"KDI_EXvsSD","Fam117a"
"KDI_EXvsSD","Pdk2"
"KDI_EXvsSD","St6galnac5"
"KDI_EXvsSD","Rreb1"
"KDI_EXvsSD","Ube2h"
"KDI_EXvsSD","Rbpj"
"KDI_EXvsSD","Gimap3"
"KDI_EXvsSD","Tnrc18"
"KDI_EXvsSD","Prkrip1"
"KDI_EXvsSD","Ncoa5"
"KDI_EXvsSD","Rapgef1"
"KDI_EXvsSD","Tbc1d16"
"KDI_EXvsSD","Elavl1"
"KDI_EXvsSD","Negr1"
"KDI_EXvsSD","Rbms2"
"KDI_EXvsSD","Lrp1"
"KDI_EXvsSD","Mterf1a"
"KDI_EXvsSD","Ambra1"
"KDI_EXvsSD","Hnrnpul1"
"KDI_EXvsSD","Myh6"
"KDI_EXvsSD","Hlcs"
"KDI_EXvsSD","Iqsec2"
"KDI_EXvsSD","Zmiz2"
"KDI_EXvsSD","Car8"
"KDI_EXvsSD","Slc7a1"
"KDI_EXvsSD","Tmtc4"
"KDI_EXvsSD","Gcn1"
"KDI_EXvsSD","Ipo9"
"KDI_EXvsSD","Tango6"
"KDI_EXvsSD","Arhgef11"
"KDI_EXvsSD","Cmklr1"
"KDI_EXvsSD","Setd1a"
"KDI_EXvsSD","Dlgap3"
"KDI_EXvsSD","Zfp410"
"KDI_EXvsSD","Ubap2l"
"KDI_EXvsSD","Fam227a"
"KDI_EXvsSD","Sh2b3"
"KDI_EXvsSD","Lrrn4"
"KDI_EXvsSD","Trim56"
"KDI_EXvsSD","2510009E07Rik"
"KDI_EXvsSD","D830025C05Rik"
"KDI_EXvsSD","Gimap7"
"KDI_EXvsSD","Thrap3"
"KDI_EXvsSD","Adgrd1"
"KDI_EXvsSD","Wfikkn2"
"KDI_EXvsSD","Megf8"
"KDI_EXvsSD","Saysd1"
"KDI_EXvsSD","Zfp688"
"KDI_EXvsSD","Klhdc9"
"KDI_EXvsSD","Cenpe"
"KDI_EXvsSD","Gprin3"
"KDI_EXvsSD","Hcar2"
"KDI_EXvsSD","Pigz"
"KDI_EXvsSD","Thtpa"
"KDI_EXvsSD","Slc25a23"
"KDI_EXvsSD","Hnrnpa1"
"KDI_EXvsSD","Prr12"
"KDI_EXvsSD","Nxph3"
"KDI_EXvsSD","Fat4"
"KDI_EXvsSD","Cyren"
"KDI_EXvsSD","Sfn"
"KDI_EXvsSD","Pcdhb13"
"KDI_EXvsSD","Gphn"
"KDI_EXvsSD","Angptl8"
"KDI_EXvsSD","Trappc9"
"KDI_EXvsSD","Arxes2"
"KDI_EXvsSD","Mex3d"
"KDI_EXvsSD","Dact2"
"KDI_EXvsSD","Cdk5r1"
"KDI_EXvsSD","Zadh2"
"KDI_EXvsSD","Purg"
"KDI_EXvsSD","Hcar1"
"KDI_EXvsSD","Prokr1"
"KDI_EXvsSD","Zbtb14"
"KDI_EXvsSD","Tmem239"
"KDI_EXvsSD","Zfp646"
"KDI_EXvsSD","Rasd1"
"KDI_EXvsSD","Haspin"
"KDI_EXvsSD","Hic2"
"KDI_EXvsSD","C77080"
"KDI_EXvsSD","Prss27"
"KDI_EXvsSD","Gprc5c"
"KDI_EXvsSD","Gen1"
"KDI_EXvsSD","Msantd1"
"KDI_EXvsSD","Gfod1"
"KDI_EXvsSD","6030498E09Rik"
"KDI_EXvsSD","Plagl2"
"KDI_EXvsSD","Sox6"
"KDI_EXvsSD","Dock8"
"KDI_EXvsSD","Ppp6r1"
"KDI_EXvsSD","Acot4"
"KDI_EXvsSD","Nup188"
"KDI_EXvsSD","Prkcb"
"KDI_EXvsSD","Prkg1"
"KDI_EXvsSD","Myh7"
"KDI_EXvsSD","Sh3pxd2a"
"KDI_EXvsSD","Dusp7"
"KDI_EXvsSD","Srcap"
"KDI_EXvsSD","Mat2a"
"KDI_EXvsSD","9430021M05Rik"
"KDI_EXvsSD","Mettl7a1"
"KDI_EXvsSD","Txk"
"KDI_EXvsSD","Ep300"
"KDI_EXvsSD","Timd4"
"KDI_EXvsSD","Gm5069"
"KDI_EXvsSD","Irs1"
"KDI_EXvsSD","Slit3"
"KDI_EXvsSD","Foxk1"
"KDI_EXvsSD","Ccdc18"
"KDI_EXvsSD","Retsat"
"KDI_EXvsSD","Ide"
"KDI_EXvsSD","Cep170"
"KDI_EXvsSD","Phex"
"KDI_EXvsSD","Ece1"
"KDI_EXvsSD","Tmem178b"
"KDI_EXvsSD","Gm10030"
"KDI_EXvsSD","Zfp809"
"KDI_EXvsSD","Gpc6"
"KDI_EXvsSD","Zfp110"
"KDI_EXvsSD","Eif4b"
"KDI_EXvsSD","Zfp516"
"KDI_EXvsSD","Actg2"
"KDI_EXvsSD","9430015G10Rik"
"KDI_EXvsSD","Ntm"
"KDI_EXvsSD","Tmem26"
"KDI_EXvsSD","Atp8b2"
"KDI_EXvsSD","Zcchc14"
"KDI_EXvsSD","Flot2"
"KDI_EXvsSD","Tlr12"
"KDI_EXvsSD","Ganc"
"KDI_EXvsSD","Actg1"
"KDI_EXvsSD","Kdr"
"KDI_EXvsSD","Cped1"
"KDI_EXvsSD","Sox7"
"KDI_EXvsSD","C230062I16Rik"
"KDI_EXvsSD","Aox3"
"KDI_EXvsSD","mt-Rnr1"
"KDI_EXvsSD","Cd209b"
"KDI_EXvsSD","E230001N04Rik"
"KDI_EXvsSD","Wdr6"
"KDI_EXvsSD","Klk11"
"KDI_EXvsSD","Ccdc134"
"KDI_EXvsSD","Tmem167b"
"KDI_EXvsSD","Psrc1"
"KDI_EXvsSD","Cd300ld3"
"KDI_EXvsSD","Arid1b"
"KDI_EXvsSD","Fam57a"
"KDI_EXvsSD","9930111J21Rik1"
"KDI_EXvsSD","Spdl1"
"KDI_EXvsSD","Fam149a"
"KDI_EXvsSD","Hs3st3b1"
"KDI_EXvsSD","Top1"
"KDI_EXvsSD","Il1rl2"
"KDI_EXvsSD","Ptges3"
"KDI_EXvsSD","Srsf3"
"KDI_EXvsSD","2210408I21Rik"
"KDI_EXvsSD","Stxbp3-ps"
"KDI_EXvsSD","Lrrn4cl"
"KDI_EXvsSD","Snx29"
"KDI_EXvsSD","Apcdd1"
"KDI_EXvsSD","Fndc1"
"KDI_EXvsSD","Klf12"
"KDI_EXvsSD","Adam1a"
"KDI_EXvsSD","Duxbl3"
"KDI_EXvsSD","Bhlhb9"
"KDI_EXvsSD","Uprt"
"KDI_EXvsSD","Bnip3l-ps"
"KDI_EXvsSD","Pappa2"
"KDI_EXvsSD","Gm5859"
"KDI_EXvsSD","4930513N10Rik"
"KDI_EXvsSD","Zfp950"
"KDI_EXvsSD","Gm2058"
"KDI_EXvsSD","Ano3"
"KDI_EXvsSD","Heg1"
"KDI_EXvsSD","Nynrin"
"KDI_EXvsSD","Acsf2"
"KDI_EXvsSD","F8a"
"KDI_EXvsSD","Dcdc2b"
"KDI_EXvsSD","Tmppe"
"KDI_EXvsSD","Ackr4"
"KDI_EXvsSD","M6pr-ps"
"KDI_EXvsSD","Gm13785"
"KDI_EXvsSD","Gm12276"
"KDI_EXvsSD","Zfp133-ps"
"KDI_EXvsSD","Akt2-ps"
"KDI_EXvsSD","3010001F23Rik"
"KDI_EXvsSD","Gm11632"
"KDI_EXvsSD","Med9os"
"KDI_EXvsSD","Gm11734"
"KDI_EXvsSD","Gm12473"
"KDI_EXvsSD","C230034O21Rik"
"KDI_EXvsSD","Gm15513"
"KDI_EXvsSD","Chn1os3"
"KDI_EXvsSD","Gm15675"
"KDI_EXvsSD","Gm13594"
"KDI_EXvsSD","Rtl10"
"KDI_EXvsSD","4930404I05Rik"
"KDI_EXvsSD","4930458D05Rik"
"KDI_EXvsSD","Gm26083"
"KDI_EXvsSD","Gm15867"
"KDI_EXvsSD","Gm45713"
"KDI_EXvsSD","1810020O05Rik"
"KDI_EXvsSD","Lime1"
"KDI_EXvsSD","Acad11"
"KDI_EXvsSD","Itga10"
"KDI_EXvsSD","Gm17066"
"KDI_EXvsSD","Lamtor3"
"KDI_EXvsSD","E130317F20Rik"
"KDI_EXvsSD","Slc22a13b"
"KDI_EXvsSD","Galnt2l"
"KDI_EXvsSD","Gm20546"
"KDI_EXvsSD","Lrch4"
"KDI_EXvsSD","Gm20662"
"KDI_EXvsSD","Gm5784"
"KDI_EXvsSD","Gm21451"
"KDI_EXvsSD","Syne1"
"KDI_EXvsSD","Mfsd4b4"
"KDI_EXvsSD","2810029C07Rik"
"KDI_EXvsSD","2310010J17Rik"
"KDI_EXvsSD","4930500F10Rik"
"KDI_EXvsSD","1700026J14Rik"
"KDI_EXvsSD","Gm807"
"KDI_EXvsSD","Mrip-ps"
"KDI_EXvsSD","Gm29650"
"KDI_EXvsSD","Gm29103"
"KDI_EXvsSD","Gm28439"
"KDI_EXvsSD","Gm28258"
"KDI_EXvsSD","Gm21955"
"KDI_EXvsSD","Gm38309"
"KDI_EXvsSD","Gm38034"
"KDI_EXvsSD","Gm37310"
"KDI_EXvsSD","Pcdhgb6"
"KDI_EXvsSD","Gm9874"
"KDI_EXvsSD","Gm38157"
"KDI_EXvsSD","Gm36927"
"KDI_EXvsSD","6720464F23Rik"
"KDI_EXvsSD","5330406M23Rik"
"KDI_EXvsSD","Gm42778"
"KDI_EXvsSD","Gm31305"
"KDI_EXvsSD","Gm42427"
"KDI_EXvsSD","BC030343"
"KDI_EXvsSD","Gm42971"
"KDI_EXvsSD","Gm19439"
"KDI_EXvsSD","Gm42860"
"KDI_EXvsSD","Gm43627"
"KDI_EXvsSD","Gm43748"
"KDI_EXvsSD","Gm42802"
"KDI_EXvsSD","1700025A08Rik"
"KDI_EXvsSD","5930430L01Rik"
"KDI_EXvsSD","Gm45495"
"KDI_EXvsSD","5930420M18Rik"
"KDI_EXvsSD","Gm30003"
"KDI_EXvsSD","Gm40377"
"KDI_EXvsSD","Gm44421"
"KDI_EXvsSD","Gm44041"
"KDI_EXvsSD","Gm43936"
"KDI_EXvsSD","Gm42372"
"KDI_EXvsSD","Gm45033"
"KDI_EXvsSD","Gm44616"
"KDI_EXvsSD","2310043P16Rik"
"KDI_EXvsSD","Gm49396"
"KDI_EXvsSD","Nxpe1-ps"
"KDI_EXvsSD","Gm45407"
"KDI_EXvsSD","5430430B14Rik"
"KDI_EXvsSD","Rnf223"
"KDI_EXvsSD","Gm8162"
"KDI_EXvsSD","Gm2436"
"KDI_EXvsSD","Gm19951"
"KDI_EXvsSD","Gm48551"
"KDI_EXvsSD","Eprn"
"KDI_EXvsSD","Gm9370"
"KDI_EXvsSD","Gm18939"
"KDI_EXvsSD","Gm49027"
"KDI_EXvsSD","Gm48488"
"KDI_EXvsSD","Gm47920"
"KDI_EXvsSD","Gm49172"
"KDI_EXvsSD","Gm49266"
"KDI_EXvsSD","Eppk1"
"KDI_EXvsSD","4930432J09Rik"
"KDI_EXvsSD","4933432I09Rik"
"KDI_EXvsSD","Gm49555"
"KDI_EXvsSD","Gm49894"
"KDI_EXvsSD","AC154542.1"
"KDI_EXvsSD","Gm46620"
"KDI_EXvsSD","Gm29695"
"EXvsSD_KDIvsSD","Zbtb17"
"EXvsSD_KDIvsSD","Atp6v0a1"
"EXvsSD_KDIvsSD","Acaca"
"EXvsSD_KDIvsSD","Hif1a"
"EXvsSD_KDIvsSD","Unc79"
"EXvsSD_KDIvsSD","Utp23"
"EXvsSD_KDIvsSD","Slc5a7"
"EXvsSD_KDIvsSD","Rrp36"
"EXvsSD_KDIvsSD","Mzb1"
"EXvsSD_KDIvsSD","Nop58"
"EXvsSD_KDIvsSD","Ptma"
"EXvsSD_KDIvsSD","Kcnq5"
"EXvsSD_KDIvsSD","Nup210"
"EXvsSD_KDIvsSD","Nol12"
"EXvsSD_KDIvsSD","Fam122b"
"EXvsSD_KDIvsSD","Zdhhc9"
"EXvsSD_KDIvsSD","Nsrp1"
"EXvsSD_KDIvsSD","Lhfpl2"
"EXvsSD_KDIvsSD","Rpsa-ps10"
"EXvsSD_KDIvsSD","Cadps"
"EXvsSD_KDIvsSD","S100a8"
"EXvsSD_KDIvsSD","Sntb1"
"EXvsSD_KDIvsSD","Fiz1"
"EXvsSD_KDIvsSD","U2af1"
"EXvsSD_KDIvsSD","Lyar"
"EXvsSD_KDIvsSD","Trabd2b"
"EXvsSD_KDIvsSD","Mroh8"
"EXvsSD_KDIvsSD","Gm14776"
"EXvsSD_KDIvsSD","Cphx2"
"EXvsSD_KDIvsSD","9430053O09Rik"
"EXvsSD_KDIvsSD","Gm37975"
"EXvsSD_KDIvsSD","Gm43503"
"EXvsSD_KDIvsSD","Gm47340"
"EXvsSD_KDIvsSD","1700087I21Rik"
"KDIvsSD","Mid2"
"KDIvsSD","Dgke"
"KDIvsSD","Tmprss2"
"KDIvsSD","Rab5b"
"KDIvsSD","Sult5a1"
"KDIvsSD","Heatr6"
"KDIvsSD","Epn2"
"KDIvsSD","Timp1"
"KDIvsSD","Agpat3"
"KDIvsSD","Uhrf1"
"KDIvsSD","Tubb6"
"KDIvsSD","Cd3g"
"KDIvsSD","Sdf2"
"KDIvsSD","Stat6"
"KDIvsSD","Tiam1"
"KDIvsSD","Paf1"
"KDIvsSD","Cyp4f18"
"KDIvsSD","Ddr1"
"KDIvsSD","Klc4"
"KDIvsSD","Bax"
"KDIvsSD","Sgce"
"KDIvsSD","Tbl2"
"KDIvsSD","Mprip"
"KDIvsSD","Spo11"
"KDIvsSD","Slc4a1"
"KDIvsSD","Cdk4"
"KDIvsSD","Ttc25"
"KDIvsSD","Ezh1"
"KDIvsSD","Clic1"
"KDIvsSD","Ccl8"
"KDIvsSD","Kansl3"
"KDIvsSD","Tnfrsf22"
"KDIvsSD","Ttll5"
"KDIvsSD","Slc41a1"
"KDIvsSD","Elof1"
"KDIvsSD","Anapc1"
"KDIvsSD","Rabl6"
"KDIvsSD","Ttbk1"
"KDIvsSD","Mrpl32"
"KDIvsSD","Fcrls"
"KDIvsSD","Fcgr1"
"KDIvsSD","Ncf1"
"KDIvsSD","Chdh"
"KDIvsSD","Nbr1"
"KDIvsSD","Mlx"
"KDIvsSD","Med13l"
"KDIvsSD","Abca5"
"KDIvsSD","Cxcl16"
"KDIvsSD","Med11"
"KDIvsSD","Ccl9"
"KDIvsSD","Ccdc12"
"KDIvsSD","Mrpl24"
"KDIvsSD","Lyst"
"KDIvsSD","Rmnd1"
"KDIvsSD","Fbxo5"
"KDIvsSD","Utrn"
"KDIvsSD","Psen1"
"KDIvsSD","Tmcc3"
"KDIvsSD","Dnajb12"
"KDIvsSD","Yeats4"
"KDIvsSD","Sf3a2"
"KDIvsSD","Vps13d"
"KDIvsSD","Fbxw11"
"KDIvsSD","Prss57"
"KDIvsSD","Havcr2"
"KDIvsSD","2310033P09Rik"
"KDIvsSD","Llgl1"
"KDIvsSD","Trappc12"
"KDIvsSD","Lig3"
"KDIvsSD","Snhg16"
"KDIvsSD","Slc35b1"
"KDIvsSD","Myh3"
"KDIvsSD","Sel1l"
"KDIvsSD","Sptb"
"KDIvsSD","Rps6ka5"
"KDIvsSD","Abcd4"
"KDIvsSD","Hecw1"
"KDIvsSD","Mtr"
"KDIvsSD","Exoc2"
"KDIvsSD","Gcnt2"
"KDIvsSD","Mxd3"
"KDIvsSD","Nkd2"
"KDIvsSD","Poc5"
"KDIvsSD","Srek1ip1"
"KDIvsSD","Ska3"
"KDIvsSD","Nufip1"
"KDIvsSD","Akap11"
"KDIvsSD","Esco2"
"KDIvsSD","Dok2"
"KDIvsSD","Tgds"
"KDIvsSD","Fyb"
"KDIvsSD","Tomm22"
"KDIvsSD","Fam118a"
"KDIvsSD","Srebf2"
"KDIvsSD","Ciita"
"KDIvsSD","Eef2kmt"
"KDIvsSD","Ercc4"
"KDIvsSD","Retnlg"
"KDIvsSD","Gcsam"
"KDIvsSD","Rrn3"
"KDIvsSD","Crybg3"
"KDIvsSD","Sdf2l1"
"KDIvsSD","Arhgap31"
"KDIvsSD","Lrch3"
"KDIvsSD","Samsn1"
"KDIvsSD","Dop1b"
"KDIvsSD","Cbr3"
"KDIvsSD","Lrrc71"
"KDIvsSD","Cd4"
"KDIvsSD","Enpp5"
"KDIvsSD","Enpp4"
"KDIvsSD","Trem2"
"KDIvsSD","Wiz"
"KDIvsSD","Ccny"
"KDIvsSD","Col11a2"
"KDIvsSD","Ltb"
"KDIvsSD","Hmgxb3"
"KDIvsSD","Ms4a7"
"KDIvsSD","Ms4a6d"
"KDIvsSD","Rtn3"
"KDIvsSD","Cdca5"
"KDIvsSD","Tesmin"
"KDIvsSD","Oga"
"KDIvsSD","Hexa"
"KDIvsSD","Flnb"
"KDIvsSD","Jph3"
"KDIvsSD","Cnpy2"
"KDIvsSD","Prim1"
"KDIvsSD","Ttc4"
"KDIvsSD","Agap2"
"KDIvsSD","Nptx1"
"KDIvsSD","Rptor"
"KDIvsSD","Wdr73"
"KDIvsSD","Sec11a"
"KDIvsSD","Prps2"
"KDIvsSD","Itih5"
"KDIvsSD","St8sia2"
"KDIvsSD","Xiap"
"KDIvsSD","Alkbh8"
"KDIvsSD","Eef1b2"
"KDIvsSD","Als2"
"KDIvsSD","Ppil3"
"KDIvsSD","Tex30"
"KDIvsSD","Npas2"
"KDIvsSD","Mitd1"
"KDIvsSD","Dst"
"KDIvsSD","Sphkap"
"KDIvsSD","Stk16"
"KDIvsSD","Htr2b"
"KDIvsSD","Rgs2"
"KDIvsSD","Syt2"
"KDIvsSD","Ahctf1"
"KDIvsSD","Dcaf6"
"KDIvsSD","Batf3"
"KDIvsSD","Usf1"
"KDIvsSD","Plxdc2"
"KDIvsSD","Stxbp1"
"KDIvsSD","Psd4"
"KDIvsSD","Itga6"
"KDIvsSD","Prrg4"
"KDIvsSD","Dut"
"KDIvsSD","Tspan18"
"KDIvsSD","Map1a"
"KDIvsSD","Ehd4"
"KDIvsSD","Atrn"
"KDIvsSD","Hdc"
"KDIvsSD","Pcsk2"
"KDIvsSD","Bfsp1"
"KDIvsSD","Raly"
"KDIvsSD","Tti1"
"KDIvsSD","Ralgapb"
"KDIvsSD","Dclk1"
"KDIvsSD","Mme"
"KDIvsSD","Ptx3"
"KDIvsSD","Vangl1"
"KDIvsSD","Rab13"
"KDIvsSD","Adar"
"KDIvsSD","Iqgap3"
"KDIvsSD","Tars2"
"KDIvsSD","Bcar3"
"KDIvsSD","Abcd3"
"KDIvsSD","Anp32b"
"KDIvsSD","Nans"
"KDIvsSD","Aqp3"
"KDIvsSD","Atp8b5"
"KDIvsSD","Reck"
"KDIvsSD","Gne"
"KDIvsSD","Glipr2"
"KDIvsSD","Nipal3"
"KDIvsSD","Fam76a"
"KDIvsSD","Clcn6"
"KDIvsSD","Ints11"
"KDIvsSD","Cdk11b"
"KDIvsSD","Add1"
"KDIvsSD","Ppat"
"KDIvsSD","Gbp9"
"KDIvsSD","Nos1"
"KDIvsSD","Tmem116"
"KDIvsSD","Srsf9"
"KDIvsSD","Ube3b"
"KDIvsSD","Erp29"
"KDIvsSD","Ptcd1"
"KDIvsSD","Polr1d"
"KDIvsSD","Pop7"
"KDIvsSD","Tmem209"
"KDIvsSD","Arhgap25"
"KDIvsSD","Erc1"
"KDIvsSD","Fam234b"
"KDIvsSD","Med21"
"KDIvsSD","Klrb1c"
"KDIvsSD","Lilra6"
"KDIvsSD","Siglece"
"KDIvsSD","Slc17a6"
"KDIvsSD","Sipa1l3"
"KDIvsSD","Rasgrp4"
"KDIvsSD","Aen"
"KDIvsSD","Disp1"
"KDIvsSD","Parva"
"KDIvsSD","Usp11"
"KDIvsSD","Sash3"
"KDIvsSD","Awat2"
"KDIvsSD","Pbdc1"
"KDIvsSD","Hmgn5"
"KDIvsSD","Gabre"
"KDIvsSD","Naa10"
"KDIvsSD","Ptpn7"
"KDIvsSD","Polb"
"KDIvsSD","Pcm1"
"KDIvsSD","Snx20"
"KDIvsSD","Cotl1"
"KDIvsSD","Lsm4"
"KDIvsSD","Ankrd49"
"KDIvsSD","2310022B05Rik"
"KDIvsSD","Aplp2"
"KDIvsSD","Birc3"
"KDIvsSD","Thy1"
"KDIvsSD","Ubash3b"
"KDIvsSD","Il10ra"
"KDIvsSD","Kif23"
"KDIvsSD","Tent5a"
"KDIvsSD","Pstpip1"
"KDIvsSD","Gclc"
"KDIvsSD","Tinag"
"KDIvsSD","Snx14"
"KDIvsSD","Scap"
"KDIvsSD","Ltf"
"KDIvsSD","Wdr48"
"KDIvsSD","Pik3r4"
"KDIvsSD","Arhgef17"
"KDIvsSD","Scaf11"
"KDIvsSD","Clasp2"
"KDIvsSD","Snap91"
"KDIvsSD","Tagap"
"KDIvsSD","Tpsb2"
"KDIvsSD","Ctnnd1"
"KDIvsSD","Ino80"
"KDIvsSD","Diaph2"
"KDIvsSD","Scn10a"
"KDIvsSD","Zfyve9"
"KDIvsSD","Mon2"
"KDIvsSD","Tespa1"
"KDIvsSD","Mfsd12"
"KDIvsSD","Myl12b"
"KDIvsSD","Cobll1"
"KDIvsSD","Arl4d"
"KDIvsSD","Cog7"
"KDIvsSD","Ncapd3"
"KDIvsSD","Map2k2"
"KDIvsSD","Wnk4"
"KDIvsSD","Uvrag"
"KDIvsSD","Nfkbiz"
"KDIvsSD","Ccl7"
"KDIvsSD","Ccl2"
"KDIvsSD","Rabgap1"
"KDIvsSD","Myo1d"
"KDIvsSD","Fbxl21"
"KDIvsSD","Fam174c"
"KDIvsSD","Misp"
"KDIvsSD","Tmem63b"
"KDIvsSD","Bicral"
"KDIvsSD","Tbc1d9b"
"KDIvsSD","Man1b1"
"KDIvsSD","Kif15"
"KDIvsSD","Sun1"
"KDIvsSD","Syde2"
"KDIvsSD","Dna2"
"KDIvsSD","C1qa"
"KDIvsSD","C1qc"
"KDIvsSD","C1qb"
"KDIvsSD","Zfp39"
"KDIvsSD","Clic4"
"KDIvsSD","Kin"
"KDIvsSD","Stag1"
"KDIvsSD","Kdm6a"
"KDIvsSD","Depdc5"
"KDIvsSD","Nme1"
"KDIvsSD","Aspg"
"KDIvsSD","Ctnna1"
"KDIvsSD","Opa1"
"KDIvsSD","Cd84"
"KDIvsSD","Trpc4ap"
"KDIvsSD","Sbf2"
"KDIvsSD","Atf5"
"KDIvsSD","Ctss"
"KDIvsSD","Mapkap1"
"KDIvsSD","Ptk6"
"KDIvsSD","Smurf1"
"KDIvsSD","Itpkb"
"KDIvsSD","Rabggtb"
"KDIvsSD","Pigk"
"KDIvsSD","Sptlc3"
"KDIvsSD","Marchf6"
"KDIvsSD","1110008P14Rik"
"KDIvsSD","Neil3"
"KDIvsSD","Znfx1"
"KDIvsSD","Sdk1"
"KDIvsSD","Thap3"
"KDIvsSD","Hs2st1"
"KDIvsSD","Tbc1d10c"
"KDIvsSD","Arhgap9"
"KDIvsSD","Cacng5"
"KDIvsSD","C3ar1"
"KDIvsSD","Lat2"
"KDIvsSD","Chil3"
"KDIvsSD","Zmynd15"
"KDIvsSD","Sh3kbp1"
"KDIvsSD","Nacad"
"KDIvsSD","Rbbp8"
"KDIvsSD","Wnk3"
"KDIvsSD","Dmxl2"
"KDIvsSD","Thoc6"
"KDIvsSD","Pik3r1"
"KDIvsSD","Ccnb1"
"KDIvsSD","H2-Ob"
"KDIvsSD","Bbox1"
"KDIvsSD","Dstyk"
"KDIvsSD","Ccdc115"
"KDIvsSD","Klhdc8a"
"KDIvsSD","Nfkbil1"
"KDIvsSD","Clspn"
"KDIvsSD","Adprhl2"
"KDIvsSD","Maff"
"KDIvsSD","Safb2"
"KDIvsSD","Itpr3"
"KDIvsSD","Wdr55"
"KDIvsSD","Rgs8"
"KDIvsSD","Garem1"
"KDIvsSD","Sipa1l1"
"KDIvsSD","Arl11"
"KDIvsSD","Simc1"
"KDIvsSD","Uevld"
"KDIvsSD","Gjc2"
"KDIvsSD","Ubxn10"
"KDIvsSD","Ptpn11"
"KDIvsSD","Cdkn2a"
"KDIvsSD","Zfp691"
"KDIvsSD","Preb"
"KDIvsSD","Tssc4"
"KDIvsSD","Vps13a"
"KDIvsSD","Pilra"
"KDIvsSD","C1qtnf2"
"KDIvsSD","Rhoj"
"KDIvsSD","Epm2aip1"
"KDIvsSD","Fam187b"
"KDIvsSD","Fbl"
"KDIvsSD","Mbtps2"
"KDIvsSD","C2cd3"
"KDIvsSD","Rnf152"
"KDIvsSD","Olfr1396"
"KDIvsSD","A430005L14Rik"
"KDIvsSD","Cd300lf"
"KDIvsSD","Timm8a1"
"KDIvsSD","4632415L05Rik"
"KDIvsSD","Gng7"
"KDIvsSD","Gm5763"
"KDIvsSD","P2ry6"
"KDIvsSD","Slc39a9"
"KDIvsSD","Arhgap30"
"KDIvsSD","Cdca2"
"KDIvsSD","Prex2"
"KDIvsSD","Sorl1"
"KDIvsSD","Aff4"
"KDIvsSD","Tmsb4x"
"KDIvsSD","Arhgap23"
"KDIvsSD","Gpr171"
"KDIvsSD","Klre1"
"KDIvsSD","Mrgprb2"
"KDIvsSD","Fam171a1"
"KDIvsSD","Fam78a"
"KDIvsSD","Scg2"
"KDIvsSD","Plekhm3"
"KDIvsSD","Dcun1d4"
"KDIvsSD","Xkr4"
"KDIvsSD","Rgs14"
"KDIvsSD","Cx3cr1"
"KDIvsSD","Zfp961"
"KDIvsSD","Plekhg3"
"KDIvsSD","Ptprt"
"KDIvsSD","Gpr21"
"KDIvsSD","Adamts19"
"KDIvsSD","Tll1"
"KDIvsSD","Ndst1"
"KDIvsSD","Zfp174"
"KDIvsSD","Lair1"
"KDIvsSD","S100a9"
"KDIvsSD","Npm3"
"KDIvsSD","Spock1"
"KDIvsSD","Cars2"
"KDIvsSD","Ms4a4b"
"KDIvsSD","Glipr1"
"KDIvsSD","Rpgrip1"
"KDIvsSD","Scimp"
"KDIvsSD","5730455P16Rik"
"KDIvsSD","Zfp759"
"KDIvsSD","Gnai1"
"KDIvsSD","Sptan1"
"KDIvsSD","Dhcr7"
"KDIvsSD","Fcer1g"
"KDIvsSD","Cds2"
"KDIvsSD","Pirb"
"KDIvsSD","9630013D21Rik"
"KDIvsSD","Csf2ra"
"KDIvsSD","Bcas3"
"KDIvsSD","Fcgr3"
"KDIvsSD","Rcan3"
"KDIvsSD","Zfp74"
"KDIvsSD","Kif13b"
"KDIvsSD","Gmfg"
"KDIvsSD","Maml3"
"KDIvsSD","Dpp6"
"KDIvsSD","Patj"
"KDIvsSD","Cd200r4"
"KDIvsSD","Zfp954"
"KDIvsSD","Rapgef2"
"KDIvsSD","Mppe1"
"KDIvsSD","Kif1b"
"KDIvsSD","Arhgap22"
"KDIvsSD","CAAA01118383.1"
"KDIvsSD","Pym1"
"KDIvsSD","Zfp428"
"KDIvsSD","Cdc26"
"KDIvsSD","4931406P16Rik"
"KDIvsSD","Pilrb1"
"KDIvsSD","Vkorc1l1"
"KDIvsSD","Rps12-ps3"
"KDIvsSD","Rpl7a-ps11"
"KDIvsSD","H2-Eb2"
"KDIvsSD","BC003965"
"KDIvsSD","Lrch1"
"KDIvsSD","Zfp442"
"KDIvsSD","Aard"
"KDIvsSD","Clec16a"
"KDIvsSD","Lyz1"
"KDIvsSD","Lyz2"
"KDIvsSD","Fat1"
"KDIvsSD","Slc17a7"
"KDIvsSD","Fv1"
"KDIvsSD","Bicra"
"KDIvsSD","Rabepk"
"KDIvsSD","Setdb2"
"KDIvsSD","6820431F20Rik"
"KDIvsSD","G530011O06Rik"
"KDIvsSD","Gm14812"
"KDIvsSD","H2-Ab1"
"KDIvsSD","D330041H03Rik"
"KDIvsSD","Tmem51os1"
"KDIvsSD","Saa1"
"KDIvsSD","Zfp382"
"KDIvsSD","C5ar2"
"KDIvsSD","Zfas1"
"KDIvsSD","Pdzd8"
"KDIvsSD","Ccdc58"
"KDIvsSD","1700001L05Rik"
"KDIvsSD","Gal3st4"
"KDIvsSD","Trbc1"
"KDIvsSD","Trbc2"
"KDIvsSD","Trgc4"
"KDIvsSD","Cisd3"
"KDIvsSD","Zfp970"
"KDIvsSD","Ms4a6c"
"KDIvsSD","Prdm12"
"KDIvsSD","Gm5640"
"KDIvsSD","Gm8019"
"KDIvsSD","Rps6-ps4"
"KDIvsSD","Gm15696"
"KDIvsSD","Rpl10a-ps1"
"KDIvsSD","Abhd11os"
"KDIvsSD","Selenok-ps1"
"KDIvsSD","Gm13166"
"KDIvsSD","Gm4285"
"KDIvsSD","Grin1os"
"KDIvsSD","Gm15902"
"KDIvsSD","Gm13441"
"KDIvsSD","Gm11837"
"KDIvsSD","AI662270"
"KDIvsSD","Gm15991"
"KDIvsSD","2810001G20Rik"
"KDIvsSD","Gm2245"
"KDIvsSD","Gm16574"
"KDIvsSD","A530032D15Rik"
"KDIvsSD","Car15"
"KDIvsSD","Gm17055"
"KDIvsSD","Gm765"
"KDIvsSD","Ccdc152"
"KDIvsSD","Lsm5"
"KDIvsSD","Peg10"
"KDIvsSD","D430019H16Rik"
"KDIvsSD","Rpl9-ps4"
"KDIvsSD","Igha"
"KDIvsSD","Zfp870"
"KDIvsSD","Gm21811"
"KDIvsSD","D130017N08Rik"
"KDIvsSD","Gm27021"
"KDIvsSD","Ptprv"
"KDIvsSD","BE692007"
"KDIvsSD","1600010M07Rik"
"KDIvsSD","Gm29609"
"KDIvsSD","Pcdhga9"
"KDIvsSD","Pcdhgc5"
"KDIvsSD","Gm37436"
"KDIvsSD","Pcdhgb2"
"KDIvsSD","Pcdhga2"
"KDIvsSD","Pcdhga7"
"KDIvsSD","Pcdhga4"
"KDIvsSD","Pcdhgb5"
"KDIvsSD","Gm37452"
"KDIvsSD","Gm36962"
"KDIvsSD","Gm37954"
"KDIvsSD","Gm38211"
"KDIvsSD","Gm37335"
"KDIvsSD","Gm43719"
"KDIvsSD","Gm43339"
"KDIvsSD","Gm42819"
"KDIvsSD","Gm43544"
"KDIvsSD","Lhfpl3"
"KDIvsSD","Gm44021"
"KDIvsSD","Gm44639"
"KDIvsSD","Gm44704"
"KDIvsSD","Gm45449"
"KDIvsSD","Gm49369"
"KDIvsSD","4831440D22Rik"
"KDIvsSD","Gm5086"
"KDIvsSD","6330537M06Rik"
"KDIvsSD","Gm33023"
"KDIvsSD","D030034A15Rik"
"KDIvsSD","Gm47087"
"KDIvsSD","Btbd8"
"KDIvsSD","Gm48808"
"KDIvsSD","Gm36723"
"KDIvsSD","Gm34220"
"KDIvsSD","Gm36423"
"KDIvsSD","Gm48438"
"KDIvsSD","Gm49207"
"KDIvsSD","Gm49307"
"KDIvsSD","A930001M01Rik"
"KDIvsSD","Gm49537"
"KDIvsSD","Gm49871"
"KDIvsSD","Hspe1-rs1"
"KDIvsSD","Gm4013"
"KDIvsSD","Gm50105"
"KDIvsSD","Snhg4_ENSMUSG00000117869"
"KDIvsSD","Gm50254"
"KDIvsSD","A930007A09Rik"
"EXvsSD","Fap"
"EXvsSD","Dnmt3l"
"EXvsSD","Serpinf1"
"EXvsSD","Fmr1"
"EXvsSD","Col6a1"
"EXvsSD","Lsr"
"EXvsSD","Cct3"
"EXvsSD","Ergic1"
"EXvsSD","Naglu"
"EXvsSD","Gtf2f1"
"EXvsSD","Prkar2b"
"EXvsSD","Ddx23"
"EXvsSD","Ncstn"
"EXvsSD","Nob1"
"EXvsSD","Ruvbl2"
"EXvsSD","Mmd"
"EXvsSD","Dnmt1"
"EXvsSD","Ikbkg"
"EXvsSD","Polr2e"
"EXvsSD","Hdac9"
"EXvsSD","Plod3"
"EXvsSD","Prcc"
"EXvsSD","Chd5"
"EXvsSD","Nid1"
"EXvsSD","Ranbp1"
"EXvsSD","Gpr108"
"EXvsSD","Prg4"
"EXvsSD","Htra1"
"EXvsSD","Arpc2"
"EXvsSD","Hfe"
"EXvsSD","Aplp1"
"EXvsSD","Tph2"
"EXvsSD","Atp1a4"
"EXvsSD","Pcdha11"
"EXvsSD","Tssk4"
"EXvsSD","Phax"
"EXvsSD","Tbx1"
"EXvsSD","Slc16a12"
"EXvsSD","Tor2a"
"EXvsSD","Gfod2"
"EXvsSD","Dedd"
"EXvsSD","Rnf168"
"EXvsSD","Prpf3"
"EXvsSD","Lbp"
"EXvsSD","Mpped2"
"EXvsSD","Cd34"
"EXvsSD","Cd274"
"EXvsSD","Anxa6"
"EXvsSD","Rab3d"
"EXvsSD","Hsd17b1"
"EXvsSD","Xab2"
"EXvsSD","Cd164"
"EXvsSD","Rab32"
"EXvsSD","Ptprk"
"EXvsSD","Lama2"
"EXvsSD","Epyc"
"EXvsSD","Map7"
"EXvsSD","Aifm2"
"EXvsSD","Slc1a4"
"EXvsSD","Col6a2"
"EXvsSD","Glyctk"
"EXvsSD","Pfkl"
"EXvsSD","Erlec1"
"EXvsSD","Shc2"
"EXvsSD","Slc22a4"
"EXvsSD","Slu7"
"EXvsSD","Efemp1"
"EXvsSD","Rnf187"
"EXvsSD","Twistnb"
"EXvsSD","Mrc2"
"EXvsSD","Sap30bp"
"EXvsSD","Mia2"
"EXvsSD","Serpina3n"
"EXvsSD","Entpd5"
"EXvsSD","Traf3"
"EXvsSD","Rasgrf2"
"EXvsSD","Nln"
"EXvsSD","Adamdec1"
"EXvsSD","Dmtn"
"EXvsSD","Rb1"
"EXvsSD","Med4"
"EXvsSD","Dab2"
"EXvsSD","C6"
"EXvsSD","Ngdn"
"EXvsSD","Myc"
"EXvsSD","Fgf12"
"EXvsSD","Glyr1"
"EXvsSD","Muc13"
"EXvsSD","Cep89"
"EXvsSD","Denr"
"EXvsSD","Parp3"
"EXvsSD","Slc22a3"
"EXvsSD","Crisp2"
"EXvsSD","Cdc5l"
"EXvsSD","Cebpz"
"EXvsSD","Ralbp1"
"EXvsSD","C3"
"EXvsSD","Jpt2"
"EXvsSD","Tapbp"
"EXvsSD","Hsd17b4"
"EXvsSD","Grpel2"
"EXvsSD","Nedd4l"
"EXvsSD","Prrc1"
"EXvsSD","Isoc1"
"EXvsSD","Fads3"
"EXvsSD","Vldlr"
"EXvsSD","Ltbp3"
"EXvsSD","Men1"
"EXvsSD","Tbl1x"
"EXvsSD","Fam20c"
"EXvsSD","Cdk15"
"EXvsSD","Col5a2"
"EXvsSD","Osgepl1"
"EXvsSD","Fn1"
"EXvsSD","Ccdc93"
"EXvsSD","Nifk"
"EXvsSD","Steap3"
"EXvsSD","Pkp1"
"EXvsSD","Lamc1"
"EXvsSD","Uck2"
"EXvsSD","Dpt"
"EXvsSD","Lpgat1"
"EXvsSD","Optn"
"EXvsSD","Pfkfb3"
"EXvsSD","Dnm1"
"EXvsSD","Ttll11"
"EXvsSD","Zmynd19"
"EXvsSD","Cybrd1"
"EXvsSD","Eif3j1"
"EXvsSD","Acoxl"
"EXvsSD","Nop56"
"EXvsSD","Src"
"EXvsSD","Sec62"
"EXvsSD","Bche"
"EXvsSD","Tsc22d2"
"EXvsSD","Ptgfrn"
"EXvsSD","Col15a1"
"EXvsSD","Nr4a3"
"EXvsSD","Tmem38b"
"EXvsSD","Rnf11"
"EXvsSD","Pramef12"
"EXvsSD","Ppie"
"EXvsSD","Mknk1"
"EXvsSD","Zcchc17"
"EXvsSD","Azin2"
"EXvsSD","Gpn2"
"EXvsSD","Gnl2"
"EXvsSD","Cdk14"
"EXvsSD","Mxra8"
"EXvsSD","Htra3"
"EXvsSD","Man2b2"
"EXvsSD","Fam114a1"
"EXvsSD","Asphd2"
"EXvsSD","Rassf6"
"EXvsSD","Rsrc2"
"EXvsSD","Psmd9"
"EXvsSD","Gatc"
"EXvsSD","Zfp12"
"EXvsSD","Plbd2"
"EXvsSD","Tfpi2"
"EXvsSD","Rbm28"
"EXvsSD","Tfr2"
"EXvsSD","Mepce"
"EXvsSD","Calu"
"EXvsSD","Slc13a4"
"EXvsSD","Slc23a4"
"EXvsSD","Tcaf2"
"EXvsSD","Pcyox1"
"EXvsSD","1700003E16Rik"
"EXvsSD","Copg1"
"EXvsSD","Slc6a13"
"EXvsSD","Ret"
"EXvsSD","Emp1"
"EXvsSD","Snrpa1"
"EXvsSD","Sult1a1"
"EXvsSD","Sgf29"
"EXvsSD","Dgat2"
"EXvsSD","Lcmt1"
"EXvsSD","Fgf21"
"EXvsSD","Gpc4"
"EXvsSD","Fgf13"
"EXvsSD","Srpx2"
"EXvsSD","Il13ra2"
"EXvsSD","Lrch2"
"EXvsSD","Map3k15"
"EXvsSD","Zrsr2"
"EXvsSD","Mpp1"
"EXvsSD","Aga"
"EXvsSD","Mak16"
"EXvsSD","Hp"
"EXvsSD","Emc8"
"EXvsSD","2810004N23Rik"
"EXvsSD","Trpc6"
"EXvsSD","Zpr1"
"EXvsSD","Nnmt"
"EXvsSD","Car12"
"EXvsSD","Rpl4"
"EXvsSD","Cck"
"EXvsSD","Malt1"
"EXvsSD","Igdcc4"
"EXvsSD","Atg9a"
"EXvsSD","Ppip5k1"
"EXvsSD","Ttc7b"
"EXvsSD","Qsox1"
"EXvsSD","Fcsk"
"EXvsSD","Adra2a"
"EXvsSD","Sfxn5"
"EXvsSD","Vhl"
"EXvsSD","Cdkl4"
"EXvsSD","Ccdc174"
"EXvsSD","Rsrc1"
"EXvsSD","Hdx"
"EXvsSD","Ankrd12"
"EXvsSD","Prr7"
"EXvsSD","Ttyh2"
"EXvsSD","Dcbld2"
"EXvsSD","Tanc1"
"EXvsSD","Ubd"
"EXvsSD","Hacd2"
"EXvsSD","Crb2"
"EXvsSD","Ntng2"
"EXvsSD","Dcaf10"
"EXvsSD","Kcnc2"
"EXvsSD","Ythdc1"
"EXvsSD","Mgat5"
"EXvsSD","Slc2a13"
"EXvsSD","Lzts1"
"EXvsSD","Abt1"
"EXvsSD","Glb1l2"
"EXvsSD","Thap11"
"EXvsSD","Megf11"
"EXvsSD","Ndrg4"
"EXvsSD","Upf3b"
"EXvsSD","Tcaf1"
"EXvsSD","Trim67"
"EXvsSD","Rbmxl1"
"EXvsSD","Lrg1"
"EXvsSD","Prf1"
"EXvsSD","Bbs7"
"EXvsSD","Spon2"
"EXvsSD","Serpine1"
"EXvsSD","Slc18b1"
"EXvsSD","Mcrs1"
"EXvsSD","Arap2"
"EXvsSD","Mrm3"
"EXvsSD","Trp53inp2"
"EXvsSD","Upf3a"
"EXvsSD","Pmepa1"
"EXvsSD","Grtp1"
"EXvsSD","Armc10"
"EXvsSD","Cnot4"
"EXvsSD","Zscan2"
"EXvsSD","Rap1gap2"
"EXvsSD","Edc3"
"EXvsSD","Cpq"
"EXvsSD","Psmd7"
"EXvsSD","Dap"
"EXvsSD","Sec24d"
"EXvsSD","Uhrf1bp1"
"EXvsSD","Cdsn"
"EXvsSD","Ajap1"
"EXvsSD","Cercam"
"EXvsSD","Hip1"
"EXvsSD","Ptger3"
"EXvsSD","Saa3"
"EXvsSD","Pnrc1"
"EXvsSD","Chrm4"
"EXvsSD","Igsf23"
"EXvsSD","Klc3"
"EXvsSD","Reps2"
"EXvsSD","Cldn5"
"EXvsSD","Sox5"
"EXvsSD","Prelp"
"EXvsSD","Bicdl1"
"EXvsSD","Abca9"
"EXvsSD","Pkp2"
"EXvsSD","Ptchd4"
"EXvsSD","Adora1"
"EXvsSD","Mapk6"
"EXvsSD","Hoxd9"
"EXvsSD","Lysmd4"
"EXvsSD","Ncmap"
"EXvsSD","Fmn1"
"EXvsSD","Plppr4"
"EXvsSD","Abca6"
"EXvsSD","Poln"
"EXvsSD","Glb1"
"EXvsSD","Wdr89"
"EXvsSD","Zfp764"
"EXvsSD","Ccdc9b"
"EXvsSD","Adra1a"
"EXvsSD","Igfals"
"EXvsSD","Gsg1l"
"EXvsSD","Trarg1"
"EXvsSD","B430212C06Rik"
"EXvsSD","Cd3eap"
"EXvsSD","Col6a3"
"EXvsSD","Asb8"
"EXvsSD","Depp1"
"EXvsSD","Ndnf"
"EXvsSD","Oxtr"
"EXvsSD","Lix1l"
"EXvsSD","Syt12"
"EXvsSD","Amer1"
"EXvsSD","Kif7"
"EXvsSD","Lrrc3"
"EXvsSD","Wfdc21"
"EXvsSD","Slc39a1"
"EXvsSD","Mogat2"
"EXvsSD","C130026I21Rik"
"EXvsSD","Sh2d6"
"EXvsSD","Zfp112"
"EXvsSD","Zmat1"
"EXvsSD","Map1b"
"EXvsSD","Swt1"
"EXvsSD","1700030K09Rik"
"EXvsSD","Dand5"
"EXvsSD","Ggcx"
"EXvsSD","Dnajc8"
"EXvsSD","Dedd2"
"EXvsSD","Gm4876"
"EXvsSD","Slc8a1"
"EXvsSD","Ntrk2"
"EXvsSD","Unc80"
"EXvsSD","Hmcn2"
"EXvsSD","Eef1d"
"EXvsSD","Fancm"
"EXvsSD","Unc93a2"
"EXvsSD","Jakmip3"
"EXvsSD","Tatdn2"
"EXvsSD","Nrf1"
"EXvsSD","Kcnj14"
"EXvsSD","Nap1l1"
"EXvsSD","Zfp708"
"EXvsSD","Cfi"
"EXvsSD","Lep"
"EXvsSD","Hopx"
"EXvsSD","Nkapl"
"EXvsSD","Hydin"
"EXvsSD","Pyroxd2"
"EXvsSD","Irak2"
"EXvsSD","Lrrtm1"
"EXvsSD","Krt79"
"EXvsSD","Tmem91"
"EXvsSD","Dgkk"
"EXvsSD","Nol7"
"EXvsSD","Aox1"
"EXvsSD","Fbln2"
"EXvsSD","Cnnm2"
"EXvsSD","Paqr9"
"EXvsSD","Slc31a1"
"EXvsSD","Serpina1a"
"EXvsSD","Jchain"
"EXvsSD","H2-Q10"
"EXvsSD","Mageb18"
"EXvsSD","Gm10232"
"EXvsSD","Selenbp1"
"EXvsSD","B3gnt9"
"EXvsSD","9230112E08Rik"
"EXvsSD","Tmem132b"
"EXvsSD","Rpl7a-ps5"
"EXvsSD","Slc39a2"
"EXvsSD","Tmem254c"
"EXvsSD","Sod3"
"EXvsSD","Zfp449"
"EXvsSD","C4b"
"EXvsSD","Prr16"
"EXvsSD","Arl14epl"
"EXvsSD","Adh6b"
"EXvsSD","Nxpe3"
"EXvsSD","Aldh3b2"
"EXvsSD","Dolk"
"EXvsSD","Slfn1"
"EXvsSD","Gm2026"
"EXvsSD","Gm14444"
"EXvsSD","Serpina3m"
"EXvsSD","Tlr5"
"EXvsSD","Ccdc13"
"EXvsSD","Gm13292"
"EXvsSD","Rps8-ps5"
"EXvsSD","Gm13703"
"EXvsSD","8430436N08Rik"
"EXvsSD","Gm15265"
"EXvsSD","B430119L08Rik"
"EXvsSD","Gm11827"
"EXvsSD","Gm11730"
"EXvsSD","Gm12953"
"EXvsSD","Galnt4"
"EXvsSD","Kcne1l"
"EXvsSD","Gm2670"
"EXvsSD","G630030J09Rik"
"EXvsSD","Gm6277"
"EXvsSD","Jmjd7"
"EXvsSD","1700047G03Rik"
"EXvsSD","9430060I03Rik"
"EXvsSD","Gm10138"
"EXvsSD","Gm19938"
"EXvsSD","Gm7694"
"EXvsSD","Gm37519"
"EXvsSD","BC037039"
"EXvsSD","Gm37402"
"EXvsSD","9630010A21Rik"
"EXvsSD","Gm37776"
"EXvsSD","Gm37566"
"EXvsSD","Gm37510"
"EXvsSD","Gm37070"
"EXvsSD","Gm37423"
"EXvsSD","8430422M14Rik"
"EXvsSD","Gm42875"
"EXvsSD","A430073D23Rik"
"EXvsSD","Gm42447"
"EXvsSD","Gm43761"
"EXvsSD","Gm43343"
"EXvsSD","Gm44241"
"EXvsSD","Gm36640"
"EXvsSD","Gm49493"
"EXvsSD","Gm44625"
"EXvsSD","4833411C07Rik"
"EXvsSD","Prmt1"
"EXvsSD","Gm45289"
"EXvsSD","Gm35315"
"EXvsSD","B930086L07Rik"
"EXvsSD","Nudc-ps1"
"EXvsSD","Gm45705"
"EXvsSD","Gm32856"
"EXvsSD","Gm48142"
"EXvsSD","Gm46212"
"EXvsSD","Gm48181"
"EXvsSD","Gm48698"
"EXvsSD","Gm47357"
"EXvsSD","Gm30970"
"EXvsSD","9530056E24Rik"
"EXvsSD","Gm8670"
"EXvsSD","Gm25432"
"EXvsSD","Gm36043"
"EXvsSD","AC159819.1"
